lineage,month,n_sequences,median_simd_rank,median_simd_rank_percentile
AY.4,2021-04-01,1,2998.0,0.4297591743119266
AY.4,2021-05-01,3044,2926.5,0.419509747706422
AY.4,2021-06-01,10419,3373.0,0.48351490825688076
AY.4,2021-07-01,6984,3135.5,0.44946961009174313
AY.4,2021-08-01,8802,3243.5,0.4649512614678899
AY.4,2021-09-01,16138,3047.5,0.43685493119266056
AY.4,2021-10-01,9918,3309.5,0.4744122706422018
AY.4,2021-11-01,11026,3750.0,0.5375573394495413
AY.4,2021-12-01,4152,3901.0,0.5592029816513762
AY.4,2022-01-01,83,2953.0,0.4233084862385321
AY.4,2022-02-01,4,3184.0,0.45642201834862384
AY.4,2022-03-01,2,5360.5,0.7684202981651376
BA.2,2021-10-01,1,1380.0,0.1978211009174312
BA.2,2021-12-01,2,3949.0,0.5660837155963303
BA.2,2022-01-01,327,4381.0,0.6280103211009175
BA.2,2022-02-01,5708,3390.0,0.4859518348623853
BA.2,2022-03-01,6015,3223.0,0.4620126146788991
BA.2,2022-04-01,18749,3464.0,0.49655963302752293
BA.2,2022-05-01,3189,3135.0,0.4493979357798165
BA.2,2022-06-01,902,3349.0,0.4800745412844037
BA.2,2022-07-01,51,3668.0,0.525802752293578
BA.2,2022-08-01,2,4824.5,0.6915854357798165
BA.2,2022-09-01,2,4143.5,0.5939650229357798
BA.2,2022-10-01,2,4888.5,0.700759747706422
BA.2,2023-01-01,1,2010.0,0.28813073394495414
BA.2,2023-02-01,1,1153.0,0.1652809633027523
B.1.1.7,2020-11-01,22,1995.5,0.2860521788990826
B.1.1.7,2020-12-01,299,3079.0,0.4413704128440367
B.1.1.7,2021-01-01,1996,2632.0,0.37729357798165136
B.1.1.7,2021-02-01,5278,2523.0,0.36166857798165136
B.1.1.7,2021-03-01,10853,2428.0,0.3480504587155963
B.1.1.7,2021-04-01,5105,2646.0,0.3793004587155963
B.1.1.7,2021-05-01,3985,2938.0,0.42115825688073394
B.1.1.7,2021-06-01,1393,3177.0,0.45541857798165136
B.1.1.7,2021-07-01,53,2278.0,0.3265481651376147
B.1.1.7,2021-08-01,3,1788.0,0.25630733944954126
BA.1.1,2021-11-01,9,5774.0,0.8276949541284404
BA.1.1,2021-12-01,1719,3577.0,0.5127580275229358
BA.1.1,2022-01-01,7687,3105.0,0.4450974770642202
BA.1.1,2022-02-01,11732,3428.5,0.49147075688073394
BA.1.1,2022-03-01,5339,3535.0,0.5067373853211009
BA.1.1,2022-04-01,174,3839.0,0.5503153669724771
BA.1.1,2022-05-01,6,6328.5,0.9071817660550459
BA.1.1,2022-07-01,1,5975.0,0.8565080275229358
BA.1.1,2023-01-01,1,6053.0,0.8676892201834863
BA.1,2021-02-01,1,2152.0,0.3084862385321101
BA.1,2021-11-01,86,4988.0,0.7150229357798165
BA.1,2021-12-01,5439,3579.0,0.5130447247706422
BA.1,2022-01-01,7764,3153.0,0.4519782110091743
BA.1,2022-02-01,5753,3189.0,0.4571387614678899
BA.1,2022-03-01,790,3047.0,0.43678325688073394
BA.1,2022-04-01,13,2660.0,0.38130733944954126
BA.1,2022-05-01,1,1140.0,0.16341743119266056
BA.1,2022-06-01,1,3577.0,0.5127580275229358
BA.2.23,2021-12-01,1,3937.0,0.5643635321100917
BA.2.23,2022-01-01,24,6537.5,0.937141628440367
BA.2.23,2022-02-01,1086,4196.0,0.6014908256880734
BA.2.23,2022-03-01,4219,3502.0,0.502006880733945
BA.2.23,2022-04-01,2825,3285.0,0.4709002293577982
BA.2.23,2022-05-01,563,3038.0,0.43549311926605505
BA.2.23,2022-06-01,162,3005.0,0.4307626146788991
BA.2.23,2022-07-01,24,2535.0,0.3633887614678899
BA.2.23,2022-08-01,1,1659.0,0.23781536697247707
AY.4.2.2,2021-07-01,6,1000.5,0.14342029816513763
AY.4.2.2,2021-08-01,206,2891.0,0.41442087155963303
AY.4.2.2,2021-09-01,927,2795.0,0.40065940366972475
AY.4.2.2,2021-10-01,1498,3393.0,0.48638188073394495
AY.4.2.2,2021-11-01,3329,3487.0,0.49985665137614677
AY.4.2.2,2021-12-01,2453,3341.0,0.478927752293578
AY.4.2.2,2022-01-01,106,2455.5,0.35199254587155965
AY.4.2.2,2022-02-01,9,5083.0,0.7286410550458715
AY.4.2.2,2022-03-01,1,6477.0,0.9284690366972477
AY.98,2021-04-01,3,3737.0,0.5356938073394495
AY.98,2021-05-01,440,3662.0,0.5249426605504587
AY.98,2021-06-01,2389,3462.0,0.4962729357798165
AY.98,2021-07-01,1486,3515.5,0.5039420871559633
AY.98,2021-08-01,556,2908.5,0.41692947247706424
AY.98,2021-09-01,1140,3334.5,0.4779959862385321
AY.98,2021-10-01,615,3651.0,0.5233658256880734
AY.98,2021-11-01,1074,3708.0,0.5315366972477065
AY.98,2021-12-01,601,3636.0,0.5212155963302753
AY.98,2022-01-01,14,1860.5,0.2667001146788991
BA.1.17.2,2021-12-01,1594,3845.0,0.5511754587155964
BA.1.17.2,2022-01-01,2940,3239.5,0.46437786697247707
BA.1.17.2,2022-02-01,2052,3251.0,0.466026376146789
BA.1.17.2,2022-03-01,254,3563.5,0.5108228211009175
BA.1.17.2,2022-04-01,7,4997.0,0.7163130733944955
BA.1.17.2,2022-06-01,1,6071.0,0.870269495412844
BA.1.15,2021-11-01,5,4306.0,0.6172591743119266
BA.1.15,2021-12-01,2099,3560.0,0.5103211009174312
BA.1.15,2022-01-01,2558,3028.5,0.43413130733944955
BA.1.15,2022-02-01,1891,3052.0,0.4375
BA.1.15,2022-03-01,230,3259.0,0.4671731651376147
BA.1.15,2022-04-01,2,3259.0,0.4671731651376147
AY.4.2,2021-05-01,5,2777.0,0.39807912844036697
AY.4.2,2021-06-01,155,3025.0,0.4336295871559633
AY.4.2,2021-07-01,176,2098.0,0.3007454128440367
AY.4.2,2021-08-01,372,3871.0,0.5549025229357798
AY.4.2,2021-09-01,1142,3727.5,0.534331995412844
AY.4.2,2021-10-01,996,3459.0,0.49584288990825687
AY.4.2,2021-11-01,1612,3651.5,0.5234375
AY.4.2,2021-12-01,1089,3611.0,0.517631880733945
AY.4.2,2022-01-01,49,2041.0,0.2925745412844037
AY.4.2,2022-02-01,2,3398.5,0.4871702981651376
BA.2.9,2021-12-01,1,2792.0,0.40022935779816515
BA.2.9,2022-01-01,15,2747.0,0.39377866972477066
BA.2.9,2022-02-01,872,3289.0,0.471473623853211
BA.2.9,2022-03-01,2593,3402.0,0.48767201834862384
BA.2.9,2022-04-01,1610,3604.0,0.5166284403669725
BA.2.9,2022-05-01,298,3619.5,0.5188503440366973
BA.2.9,2022-06-01,116,3352.5,0.4805762614678899
BA.2.9,2022-07-01,16,1914.0,0.27436926605504586
B.1.177,2020-08-01,281,3717.0,0.5328268348623854
B.1.177,2020-09-01,1271,3442.0,0.49340596330275227
B.1.177,2020-10-01,1626,2816.0,0.4036697247706422
B.1.177,2020-11-01,630,2869.5,0.411338876146789
B.1.177,2020-12-01,752,3558.0,0.5100344036697247
B.1.177,2021-01-01,499,3075.0,0.44079701834862384
B.1.177,2021-02-01,163,2943.0,0.421875
B.1.177,2021-03-01,26,2367.0,0.33930619266055045
BA.2.8,2022-01-01,1,1380.0,0.1978211009174312
BA.2.8,2022-02-01,710,2568.5,0.3681909403669725
BA.2.8,2022-03-01,2900,2840.0,0.40711009174311924
BA.2.8,2022-04-01,1222,3017.0,0.4324827981651376
BA.2.8,2022-05-01,171,2603.0,0.37313646788990823
BA.2.8,2022-06-01,42,3964.0,0.5682339449541285
BA.2.8,2022-07-01,8,1848.0,0.26490825688073394
BA.2.3,2021-12-01,1,6628.0,0.9501146788990825
BA.2.3,2022-01-01,59,5678.0,0.8139334862385321
BA.2.3,2022-02-01,994,3820.0,0.5475917431192661
BA.2.3,2022-03-01,2351,3480.0,0.4988532110091743
BA.2.3,2022-04-01,979,3632.0,0.5206422018348624
BA.2.3,2022-05-01,217,2828.0,0.40538990825688076
BA.2.3,2022-06-01,75,3206.0,0.4595756880733945
BA.2.3,2022-07-01,3,6506.0,0.9326261467889908
BA.5.1,2022-05-01,74,3078.0,0.4412270642201835
BA.5.1,2022-06-01,1423,3007.0,0.4310493119266055
BA.5.1,2022-07-01,1628,2786.5,0.3994409403669725
BA.5.1,2022-08-01,566,3075.0,0.44079701834862384
BA.5.1,2022-09-01,332,3295.0,0.47233371559633025
BA.5.1,2022-10-01,158,2924.0,0.419151376146789
BA.5.1,2022-11-01,45,2732.0,0.3916284403669725
BA.5.1,2022-12-01,14,5643.5,0.8089879587155964
BA.5.1,2023-01-01,6,4612.0,0.6611238532110092
BA.5.2.1,2022-03-01,2,4805.5,0.6888618119266054
BA.5.2.1,2022-05-01,20,3306.0,0.4739105504587156
BA.5.2.1,2022-06-01,931,3155.0,0.45226490825688076
BA.5.2.1,2022-07-01,1415,2929.0,0.41986811926605505
BA.5.2.1,2022-08-01,595,2980.0,0.4271788990825688
BA.5.2.1,2022-09-01,366,3311.5,0.47469896788990823
BA.5.2.1,2022-10-01,165,2918.0,0.41829128440366975
BA.5.2.1,2022-11-01,25,4461.0,0.6394782110091743
BA.5.2.1,2022-12-01,8,2603.0,0.37313646788990823
BA.5.2.1,2023-01-01,1,3841.0,0.5506020642201835
AY.5,2021-06-01,69,4881.0,0.6996846330275229
AY.5,2021-07-01,276,3687.5,0.5285980504587156
AY.5,2021-08-01,587,3035.0,0.4350630733944954
AY.5,2021-09-01,868,3566.5,0.5112528669724771
AY.5,2021-10-01,618,3428.0,0.4913990825688073
AY.5,2021-11-01,637,3247.0,0.46545298165137616
AY.5,2021-12-01,192,4049.0,0.5804185779816514
AY.5,2022-01-01,3,4977.0,0.7134461009174312
AY.5,2022-02-01,1,2763.0,0.396072247706422
BA.5.2,2022-04-01,1,2101.0,0.3011754587155963
BA.5.2,2022-05-01,3,6604.0,0.9466743119266054
BA.5.2,2022-06-01,336,2726.0,0.39076834862385323
BA.5.2,2022-07-01,843,2713.0,0.38890481651376146
BA.5.2,2022-08-01,555,2650.0,0.3798738532110092
BA.5.2,2022-09-01,461,2909.0,0.4170011467889908
BA.5.2,2022-10-01,351,3701.0,0.5305332568807339
BA.5.2,2022-11-01,53,3227.0,0.4625860091743119
BA.5.2,2022-12-01,10,2024.0,0.2901376146788991
BA.1.15.1,2021-12-01,664,4183.0,0.5996272935779816
BA.1.15.1,2022-01-01,998,3515.5,0.5039420871559633
BA.1.15.1,2022-02-01,631,3805.0,0.5454415137614679
BA.1.15.1,2022-03-01,52,3306.5,0.4739822247706422
BA.1.15.1,2022-04-01,1,666.0,0.09547018348623854
