pango_lineage,count
AY.4,63300
BA.2,30692
B.1.1.7,27129
BA.1,17557
BA.1.1,15614
BA.2.23,8035
AY.4.2.2,7769
AY.98,7663
BA.1.17.2,6058
BA.1.15,5987
BA.2.9,4996
AY.4.2,4896
B.1.177,4605
BA.2.8,4595
BA.2.3,4263
AY.5,2891
BA.5.1,2870
BA.5.2.1,2328
BA.1.15.1,2082
BA.2.10,2074
AY.43,1872
BA.5.2,1677
BA.1.1.14,1621
BA.2.37,1550
AY.46.5,1519
AY.6,1512
BA.1.1.15,1401
AY.120,1389
BA.2.12.1,1179
BA.2.1,969
B.1.617.2,922
BA.4.1,883
BA.2.18,878
BA.1.1.1,857
AY.3,802
B.1.177.8,777
BA.4,768
BE.1,745
AY.4.1,721
AY.98.1,710
BA.2.22,676
BA.5.2.3,654
BQ.1.1,642
BD.1,559
B.1.177.5,558
AY.4.2.1,556
BF.1,553
AY.9,519
AD.2,473
BA.1.16,447
BA.1.17,424
BE.1.1,411
BA.1.1.13,400
AY.7.1,376
BA.2.10.1,374
BA.1.7,371
BA.5.1.22,361
XE,344
BA.2.50,335
AY.122,313
B.1,306
BA.5.8,276
B.1.177.53,266
BA.5.5,257
BA.5,247
B.1.1.37,245
BA.4.6,228
BA.5.1.24,215
BF.7,209
AY.4.10,208
B.1.258,202
AY.4.3,192
BF.5,188
BA.1.18,187
BQ.1,184
BA.5.1.23,177
B.1.1.311,175
AY.9.2,162
AY.34.1,160
BA.2.48,155
BA.2.87,152
BF.4,152
BA.5.1.5,151
BA.2.46,143
B.1.1.44,141
AY.36,140
BA.2.9.7,137
BA.5.2.20,134
CH.1.1,130
BA.5.1.30,128
BA.5.6,126
BQ.1.2,119
BA.1.1.12,116
BQ.1.8,116
AY.127,115
BA.2.36,113
BA.5.3.1,109
AY.4.8,105
BF.6,104
EF.2,101
BA.1.8,99
BA.2.38,98
AY.90,96
BF.10,95
BF.28,93
B.1.160,91
AY.111,91
B.1.1,90
BA.1.14,90
BA.5.1.10,90
BF.11,90
B.1.36,89
BQ.1.1.15,87
BA.5.2.6,81
BA.5.1.2,80
XBB.1.5,80
BN.1.5,79
BA.2.52,78
XP,74
BA.2.39,73
BF.7.4,72
BA.2.75.2,72
BA.2.56,70
BA.2.2,69
BA.5.2.21,67
BA.2.9.3,66
AY.34,65
BA.2.41,65
BA.5.3.3,65
XBB.1,64
BF.14,62
BA.4.4,61
BA.4.6.1,60
BA.5.2.35,60
XBB.1.5.13,60
BA.2.3.15,58
B.1.177.4,57
AY.126,56
BN.1.4.1,56
BG.2,55
BA.5.9,55
AY.121,54
AY.46.6,54
BA.5.1.3,53
BA.5.2.9,53
BA.1.13,52
B.1.1.406,49
BA.5.1.12,49
BA.2.13,48
BA.5.3.2,48
BQ.1.1.69,47
BQ.1.1.24,47
B.1.177.57,46
BA.1.1.18,46
BA.5.1.9,46
BN.1,46
BQ.1.1.2,46
BA.1.12,45
BA.2.6,45
BA.2.65,45
BA.5.1.35,44
BQ.1.1.18,44
BE.1.3,43
BQ.1.1.8,43
XAP,41
BA.1.1.10,40
BA.4.1.1,40
BA.5.3,40
BA.2.76,39
BQ.1.1.1,39
BA.1.10,38
BA.1.1.11,37
BA.1.19,37
BA.5.2.13,37
B.1.416.1,36
AY.125,36
BF.7.5,36
AY.25,35
AY.103,35
BA.2.5,35
BA.4.7,35
B.1.177.7,34
BA.2.47,33
BA.5.2.7,33
BA.5.1.8,32
BE.1.1.2,32
BA.5.1.1,31
BE.1.1.1,31
BQ.1.1.7,31
BA.2.23.1,30
BM.1.1.3,30
BN.1.2.1,30
BA.2.9.1,29
BA.2.54,29
B.1.1.307,28
A.29,28
AY.4.5,28
BQ.1.1.5,28
BN.1.3.1,28
B.1.351,27
B.1.525,27
BA.1.20,27
BF.26,27
BQ.1.20,27
DV.6,27
B.1.389,26
BA.2.55,26
B.1.1.1,25
AY.8,25
AY.124,25
BF.9,25
BF.7.7,25
CK.2.1.1,25
CH.1.1.1,25
CA.7,24
B.1.1.277,23
B.1.221,23
AY.42,23
AY.44,23
BN.1.2,23
BQ.1.23,23
B.1.1.269,22
BA.2.32,22
B.1.177.77,21
XQ,21
BA.2.40.1,21
BQ.1.1.4,21
DN.1,21
AY.4.7,20
DN.1.1,20
AY.4.2.3,19
BA.5.2.2,19
BA.4.6.5,19
BA.2.3.20,19
BQ.1.10,19
BQ.1.18,19
BA.1.16.1,18
BA.2.16,18
BA.5.1.15,18
BM.4.1.1,18
BQ.1.3.2,18
XBF,18
BA.2.71,17
BF.27,17
XAZ,17
BQ.1.14,17
AY.4.9,16
BA.2.26,16
BA.4.3,16
BA.5.2.56,16
BQ.1.1.6,16
AY.10,15
AY.33,15
BA.1.1.4,15
BA.5.1.21,15
BA.5.2.24,15
BF.7.24,15
B.1.258.3,14
BA.1.1.7,14
BA.2.49,14
BA.4.2,14
BA.4.1.8,14
BF.11.1,14
BA.5.1.33,14
BQ.1.5,14
BF.11.2,14
BN.1.3,14
C.35,13
AY.107,13
AY.25.1,13
BA.2.31,13
BE.3,13
BA.5.1.4,13
BA.5.2.26,13
BF.36,13
BA.5.2.28,13
B.1.177.54,12
AY.7,12
AY.119,12
AY.100,12
BA.1.1.16,12
BA.2.7,12
BA.2.44,12
BA.2.53,12
BA.5.2.27,12
BA.5.1.25,12
BQ.1.1.3,12
BQ.1.1.36,12
B.1.441,11
AY.11,11
BF.7.21,11
BF.7.4.2,11
CQ.1.1,11
BQ.1.1.19,11
BQ.1.1.29,11
XBB.2,11
BQ.1.13.1,11
XBB.1.5.18,11
B.1.1.279,10
AY.43.6,10
BA.1.9,10
XM,10
BA.2.9.6,10
XAV,10
BA.5.3.4,10
BF.41,10
BA.2.75.1,10
BA.5.2.14,10
XBE,10
BY.1,10
BF.7.13.2,10
BF.11.5,10
EF.1.1,10
CH.1.1.2,10
XBB.1.5.11,10
BQ.1.1.22,10
EK.3,10
BQ.1.1.35,10
B.1.367,9
A.23.1,9
AY.121.1,9
BA.1.21,9
BA.2.64,9
BA.2.35,9
BF.7.20,9
BA.5.2.34,9
BQ.1.12,9
XBB,9
BQ.1.1.56,9
BE.9,9
B.1.177.87,8
B.1.1.115,8
B.1.1.318,8
AY.46,8
BA.1.1.9,8
B.1.1.529,8
BA.4.1.6,8
BE.1.4,8
BF.15,8
BA.5.2.33,8
BA.5.2.22,8
BA.5.2.58,8
BQ.1.26,8
BQ.1.1.42,8
CH.1.1.11,8
DV.3,8
B.1.1.369,7
AY.87,7
BA.1.5,7
BA.2.25,7
BA.2.73,7
BA.2.21,7
BA.2.72,7
BE.12,7
BF.20,7
BE.1.4.4,7
BA.5.1.17,7
XBG,7
BA.5.2.4,7
BF.7.6,7
BA.5.10.1,7
BF.7.23,7
BE.1.4.1,7
BA.5.2.54,7
BQ.1.8.2,7
BQ.1.16,7
BN.1.3.12,7
CH.1.1.9,7
BN.1.7,7
BR.2.1,7
XBF.3,7
XBB.1.5.15,7
XBB.1.5.16,7
B.1.1.51,6
B.1.416,6
B.1.471,6
P.1,6
AY.5.4,6
AY.109,6
AY.34.2,6
XN,6
BA.2.62,6
BA.2.3.2,6
BA.2.9.5,6
BA.2.78,6
BA.4.1.7,6
BA.4.5,6
BF.21,6
BA.5.2.62,6
BA.5.1.18,6
BA.5.2.25,6
BQ.1.11,6
BQ.1.1.31,6
BQ.1.1.58,6
CK.2.1,6
B.1.1.70,5
B.1.362,5
P.2,5
AY.53,5
AY.17,5
AY.92,5
BA.2.68,5
BA.2.3.9,5
BA.2.14,5
BE.2,5
BT.2,5
BF.2,5
BA.4.1.5,5
BA.2.38.1,5
CN.1,5
BF.40,5
BN.1.4,5
XBB.3,5
BF.7.19,5
BE.4.1.1,5
BW.1.1.1,5
EF.1,5
BQ.1.1.76,5
GP.2,5
ER.1,5
XBT,5
CH.1.1.6,5
B.1.177.60,4
B.1.1.305,4
B.1.1.241,4
B.1.236,4
B.1.466.1,4
C.36.3,4
P.1.15,4
AY.45,4
AY.71,4
AY.26,4
AY.47,4
AY.39,4
AY.118,4
BA.2.4,4
BA.2.70,4
BA.2.3.5,4
BA.2.9.2,4
BA.2.15,4
BA.2.3.6,4
XAR,4
BA.5.2.19,4
BA.5.5.1,4
BA.5.5.2,4
BA.5.6.2,4
BA.5.1.7,4
BQ.1.15,4
XBD,4
BA.2.75.5,4
BF.7.4.1,4
BM.1.1,4
DF.1,4
DE.2,4
DN.2,4
BN.3.1,4
CB.1,4
XBB.2.5,4
BQ.1.17,4
XBB.1.5.7,4
BQ.1.1.10,4
B.1.1.170,3
B.1.1.171,3
B.1.523,3
B.1.558,3
B.1.1.189,3
B.1.527,3
B.1.1.317,3
B.1.177.52,3
L.3,3
B.1.36.31,3
B.1.351.3,3
B.1.637,3
P.1.17,3
AY.20,3
AY.112,3
AY.4.4,3
AY.113,3
AY.9.2.2,3
AY.129,3
AY.123,3
AY.39.1,3
XAD,3
XY,3
BA.2.30,3
BA.2.42,3
BA.2.63,3
XZ,3
BA.2.10.3,3
DE.1,3
BA.5.2.16,3
BA.2.74,3
BF.12,3
BA.5.2.31,3
BF.23,3
BA.5.1.19,3
BF.39,3
BF.18,3
BE.1.2,3
BA.5.2.30,3
BA.5.1.27,3
BE.4.2,3
CR.1,3
CA.2,3
BA.5.11,3
BF.7.12,3
BA.5.2.59,3
BF.11.4,3
BQ.1.1.51,3
BN.1.2.2,3
CL.1.1,3
BQ.1.3.1,3
XBM,3
BW.1.1,3
BQ.1.13,3
BQ.1.1.67,3
BY.1.2.1,3
FF.1,3
CH.1.1.19,3
XBB.1.5.33,3
EF.3,3
BA.5.3.5,3
XBC.1.1.1,3
XBB.1.5.20,3
EM.1,3
GP.3,3
XBB.1.43.1,3
B.1.1.28,2
B.1.177.10,2
B.1.177.83,2
B.1.177.16,2
B.1.177.21,2
B.1.2,2
B.1.1.420,2
B.1.466.2,2
AY.38,2
AY.58,2
AY.37,2
AY.75,2
AY.7.2,2
AY.88,2
AY.108,2
AY.5.5,2
AY.29,2
AY.1,2
AY.117,2
AY.43.7,2
AY.120.2.1,2
AY.131,2
BA.1.21.1,2
BA.2.45,2
BA.2.40,2
BA.2.58,2
BA.2.11,2
XL,2
BA.2.3.12,2
BA.2.3.4,2
BA.2.51,2
BA.3.1,2
BA.2.57,2
XAG,2
BA.5.1.6,2
BA.2.75,2
BF.8,2
BE.4,2
BF.34,2
BA.5.6.1,2
BA.4.1.4,2
BF.3.1,2
BA.4.6.4,2
BA.5.2.37,2
DC.1,2
BA.5.1.20,2
BL.1,2
CR.2,2
BF.7.11,2
CM.2,2
BA.5.2.23,2
BF.31,2
CV.1,2
BF.7.3,2
BF.7.22,2
DP.1,2
CT.1,2
BF.7.16,2
BQ.1.1.17,2
BQ.1.2.3,2
CL.1.3,2
BR.1,2
BQ.1.1.14,2
CL.1,2
XBB.2.6,2
CK.1,2
CP.1,2
CJ.1.2,2
XBB.1.35,2
FC.1,2
CH.1.1.28,2
BQ.1.1.40,2
BN.1.8,2
DV.2,2
BQ.1.1.39,2
XBB.1.29,2
BQ.1.1.26,2
BQ.1.22,2
BN.1.4.5,2
XBB.1.4.1,2
BQ.1.1.57,2
CH.1.1.8,2
B.1.1.10,1
B.1.9,1
B.1.1.67,1
B.1.1.39,1
B.1.1.462,1
B.1.36.1,1
B.1.177.82,1
B.1.1.306,1
B.1.1.485,1
B.1.36.9,1
B.1.1.253,1
B.1.1.243,1
B.1.1.294,1
B.1.240,1
B.1.177.81,1
B.1.466,1
B.1.1.159,1
B.1.1.263,1
B.1.36.29,1
B.1.469,1
B.1.177.73,1
B.1.177.18,1
B.1.177.75,1
B.1.1.163,1
C.36,1
B.1.617.1,1
A.27,1
R.1,1
B.1.1.523,1
AY.55,1
B,1
AY.4.6,1
AY.70,1
AY.24,1
B.1.621,1
AY.94,1
AY.43.4,1
AY.74,1
AY.5.1,1
AY.120.1,1
AY.80,1
AY.50,1
AY.72,1
AY.124.1,1
AY.110,1
AY.23.1,1
AY.91,1
AY.61,1
AY.99.2,1
B.1.640.1,1
AY.76,1
AY.23,1
AY.57,1
BA.1.6,1
BA.1.16.2,1
AY.104,1
BA.1.14.2,1
BA.1.14.1,1
BA.1.15.2,1
BA.3,1
BA.2.3.16,1
BA.1.17.1,1
XG,1
BA.2.34,1
BA.2.3.10,1
XR,1
BA.2.12.2,1
XJ,1
XAC,1
XAH,1
BA.2.20,1
XAU,1
BA.2.81,1
BA.2.77,1
XAM,1
BA.2.38.3,1
BF.25,1
BA.2.13.1,1
BA.5.2.10,1
BF.24,1
XAJ,1
BA.5.7,1
BE.4.1,1
BA.5.1.26,1
BA.5.5.3,1
BA.4.1.3,1
BF.5.5,1
BA.5.1.31,1
BA.2.75.3,1
EQ.1,1
BA.5.2.8,1
BY.1.2,1
BL.2,1
BA.5.2.57,1
BF.7.8,1
CA.3,1
BQ.2,1
CA.1,1
BA.5.2.52,1
BA.4.1.9,1
BF.7.1,1
BA.5.2.12,1
BF.13,1
BA.5.2.47,1
BQ.1.10.3,1
CP.3,1
BN.1.6,1
BN.5,1
CS.1,1
CM.7.1,1
BF.30,1
XBB.1.5.37,1
BE.10,1
DA.1,1
BQ.1.21,1
CP.6,1
BF.7.10,1
CP.8,1
BQ.1.1.11,1
BU.3,1
BE.1.2.1,1
BQ.1.1.66,1
XBV,1
BN.1.3.8,1
BQ.1.10.1,1
XBB.1.9.3,1
EJ.1,1
BQ.1.1.41,1
XBB.2.8,1
XBB.1.25,1
BQ.1.1.52,1
BN.1.10,1
DL.1,1
BN.1.2.4,1
EW.2,1
XBB.1.15,1
DV.3.1,1
EC.1,1
CH.1.1.24,1
XBF.4,1
XBB.1.5.56,1
FJ.1,1
BA.4.6.3,1
BN.1.3.5,1
BE.7,1
BQ.1.25.1,1
EC.1.1,1
XBF.7,1
EG.1.6,1
DU.1,1
BN.1.3.4,1
XBB.1.5.52,1
BQ.1.1.49,1
CH.1.1.3,1
BN.1.3.6,1
FD.4,1
XAY.2,1
CH.1.1.21,1
XBK,1
DS.2,1
XBF.2,1
BQ.1.1.13,1
DV.1,1
ET.1,1
XBB.1.5.47,1
XBF.6,1
BQ.1.1.23,1
CH.1.1.5,1
EK.2,1
XBB.1.5.31,1
CH.1.1.14,1
EG.1,1
BQ.1.1.45,1
XBB.1.5.107,1
