cluster_id,00-04,05-09,10-14,15-19,20-24,25-29,30-34,35-39,40-44,45-49,50-54,55-59,60-64,65-69,70-74,75+
W001|B.1.1.406|R0.3|C1,-0.021452756883315924,-0.018585938061344585,-0.03181777984835461,0.03904792036290483,0.09173200661895188,0.05561460027674649,-0.016902272042060046,0.05811195128748098,-0.04265585889743924,-0.032283303050255646,-0.07097294349197315,0.0783678268018342,-0.013175634897159672,0.006341394141254109,-0.023960092305887432,-0.05740912001138223
W003|B.1.177|R0.3|C3,-0.021452756883315924,-0.0543002237756303,-0.06753206556264033,-0.0680949367799523,0.7131605780475233,-0.08724254258039636,-0.08833084347063147,-0.08474519156966187,-0.07837014461172495,-0.06799758876454136,-0.07097294349197315,0.13551068394469135,-0.048889920611445384,-0.029372891573031603,-0.023960092305887432,-0.05740912001138223
W004|B.1.1.269|R0.3|C2,-0.021452756883315924,-0.0543002237756303,-0.06753206556264033,-0.0680949367799523,0.5131605780475232,0.31275745741960365,-0.08833084347063147,-0.08474519156966187,-0.07837014461172495,-0.06799758876454136,-0.07097294349197315,-0.06448931605530865,-0.048889920611445384,-0.029372891573031603,-0.023960092305887432,-0.05740912001138223
W004|B.1.1.406|R0.3|C1,-0.021452756883315924,-0.0543002237756303,-0.06753206556264033,0.0033336346486191187,-0.01541085052390527,0.34132888599103217,-0.016902272042060046,-0.08474519156966187,-0.07837014461172495,-0.06799758876454136,0.0718841993651697,0.0783678268018342,0.02253865081712604,-0.029372891573031603,-0.023960092305887432,-0.05740912001138223
W005|AD.2|R0.3|C14,-0.021452756883315924,-0.0543002237756303,-0.011976510007084773,0.1541272854422699,0.02427168915863441,0.023868568530714743,0.022780267640479634,-0.029189636014106318,-0.0228145890561694,-0.06799758876454136,-0.0154173879364176,0.046621795055802454,0.06222119049966572,-0.029372891573031603,-0.023960092305887432,-0.05740912001138223
W006|B.1.441|R0.3|C1,-0.021452756883315924,0.05681088733548081,-0.06753206556264033,0.0430161743311588,-0.0868394219524767,-0.08724254258039636,-0.08833084347063147,-0.08474519156966187,0.032740966499386154,-0.06799758876454136,0.04013816761913795,0.046621795055802454,-0.048889920611445384,0.41507155287141284,-0.023960092305887432,-0.05740912001138223
W010|B.1|R0.3|C3,-0.021452756883315924,-0.0543002237756303,-0.05912870421810251,0.7722411976738293,-0.0364192538852498,-0.03682237451316947,-0.07152412078155584,-0.07634183022512406,-0.06996678326718714,-0.06799758876454136,-0.07097294349197315,-0.05608595471077084,-0.04048655926690757,-0.029372891573031603,-0.023960092305887432,-0.05740912001138223
W024|B.1.1.7|R0.3|C3,-0.021452756883315924,-0.0543002237756303,-0.06753206556264033,0.09857172988671435,-0.0868394219524767,-0.08724254258039636,-0.08833084347063147,-0.08474519156966187,-0.07837014461172495,0.0986690779021253,-0.07097294349197315,0.102177350611358,-0.048889920611445384,-0.029372891573031603,0.14270657436077921,0.2759242133219511
W033|B.1.1.7|R0.3|C71,0.061880576450017405,0.02903310955770303,0.015801267770693003,0.015238396553381023,-0.003506088619143366,-0.08724254258039636,-0.08833084347063147,-0.08474519156966187,0.0049631887216083775,0.0986690779021253,0.012360389841360175,-0.06448931605530865,0.034443412721887945,-0.029372891573031603,0.0593732410274459,0.0259242133219511
W036|B.1.1.7|R0.3|C27,-0.001044593618009803,0.2518222252039615,-0.0063075757667219595,-0.027278610249340064,-0.005206768891252211,0.0760227635420526,0.03411813612120526,-0.06433702830435575,0.023670671714805663,-0.0067730989686229925,-0.07097294349197315,-0.06448931605530865,-0.048889920611445384,-0.008964728307725482,-0.023960092305887432,-0.05740912001138223
W036|B.1.1.7|R0.3|C578,0.08965835422779518,0.05681088733548081,0.04357904554847078,0.1541272854422699,-0.0868394219524767,-0.08724254258039636,0.022780267640479634,0.026365919541449234,-0.07837014461172495,0.15422463345768084,-0.07097294349197315,-0.06448931605530865,-0.048889920611445384,-0.029372891573031603,-0.023960092305887432,-0.05740912001138223
W037|B.1.1.7|R0.3|C431,-0.021452756883315924,-0.0543002237756303,-0.06753206556264033,0.659177790492775,0.18588785077479603,-0.08724254258039636,-0.08833084347063147,-0.08474519156966187,-0.07837014461172495,-0.06799758876454136,-0.07097294349197315,-0.06448931605530865,-0.048889920611445384,-0.029372891573031603,-0.023960092305887432,-0.05740912001138223
W037|B.1.1.7|R0.3|C9,0.05354724311668407,0.04569977622436971,-0.0050320655626403255,0.1569050632200477,-0.011839421952476697,-0.024742542580396362,-0.05083084347063147,-0.04724519156966187,0.009129855388275043,0.007002411235458639,0.004027056508026844,-0.0019893160553086514,-0.023889920611445382,-0.029372891573031603,-0.023960092305887432,-0.05740912001138223
W038|B.1.1.7|R0.3|C273,-0.021452756883315924,-0.0543002237756303,-0.06753206556264033,0.5985717298867144,0.24649391138085663,-0.08724254258039636,-0.08833084347063147,-0.08474519156966187,-0.07837014461172495,-0.06799758876454136,-0.07097294349197315,-0.06448931605530865,-0.048889920611445384,-0.029372891573031603,-0.023960092305887432,-0.05740912001138223
W038|B.1.1.7|R0.3|C88,-0.021452756883315924,0.05681088733548081,-0.06753206556264033,0.1541272854422699,-0.0868394219524767,-0.08724254258039636,-0.08833084347063147,0.026365919541449234,0.14385207761049726,-0.06799758876454136,0.04013816761913795,0.046621795055802454,0.06222119049966572,-0.029372891573031603,-0.023960092305887432,-0.05740912001138223
W039|B.1.1.7|R0.3|C1,0.06945633402577499,0.1956997762243697,0.13701338898281423,-0.02264039132540685,-0.04138487649793124,-0.06451526985312364,-0.06560357074335874,0.028891172066701762,0.01253894629736596,0.0001842294172768183,-0.07097294349197315,-0.041762043328035924,-0.026162647884172656,-0.029372891573031603,-0.023960092305887432,-0.05740912001138223
W040|B.1.1.7|R0.3|C301,-0.021452756883315924,0.04569977622436971,0.13246793443735969,-0.0680949367799523,0.01316057804752331,-0.08724254258039636,0.011669156529368535,0.31525480843033815,-0.07837014461172495,-0.06799758876454136,0.029027056508026852,-0.06448931605530865,-0.048889920611445384,-0.029372891573031603,-0.023960092305887432,-0.05740912001138223
W040|B.1.1.7|R0.3|C64,-0.021452756883315924,-0.0543002237756303,0.065801267770693,-0.0680949367799523,-0.02017275528581003,-0.020575875913729696,0.04500248986270186,0.04858814176367146,-0.011703477945058285,-0.0013309220978746927,-0.004306276825306488,0.0021773506113580143,0.017776746055221282,0.03729377509363506,-0.023960092305887432,0.009257546655284436
W041|B.1.1.7|R0.3|C140,0.0574946115377367,0.15622609201384338,-0.041216276088956116,-0.0680949367799523,-0.0868394219524767,-0.008295174159343735,0.17482705126621062,0.1257811242198118,-0.025738565664356533,-0.01536600981717294,-0.07097294349197315,-0.06448931605530865,-0.022574131137761175,-0.029372891573031603,-0.023960092305887432,-0.05740912001138223
W041|B.1.1.7|R0.3|C50,-0.021452756883315924,0.04569977622436971,0.13246793443735969,-0.0680949367799523,0.01316057804752331,-0.08724254258039636,0.011669156529368535,0.31525480843033815,-0.07837014461172495,-0.06799758876454136,0.029027056508026852,-0.06448931605530865,-0.048889920611445384,-0.029372891573031603,-0.023960092305887432,-0.05740912001138223
W042|B.1.1.7|R0.3|C34,0.0574946115377367,0.15622609201384338,-0.041216276088956116,-0.0680949367799523,-0.0868394219524767,-0.008295174159343735,0.17482705126621062,0.1257811242198118,-0.025738565664356533,-0.01536600981717294,-0.07097294349197315,-0.06448931605530865,-0.022574131137761175,-0.029372891573031603,-0.023960092305887432,-0.05740912001138223
W043|B.1.1.7|R0.3|C89,0.10354724311668408,-0.029300223775630296,0.03246793443735968,0.006905063220047691,0.0881605780475233,0.06275745741960363,-0.03833084347063147,0.04025480843033813,-0.05337014461172495,-0.017997588764541356,-0.02097294349197315,-0.014489316055308649,-0.048889920611445384,-0.029372891573031603,-0.023960092305887432,-0.05740912001138223
W048|AY.4|R0.3|C1,0.007347243116684075,0.011699776224369705,0.00726793443735968,0.0387050632200477,0.1019605780475233,0.032357457419603636,0.0032691565293685304,-0.005545191569661864,-0.02717014461172495,-0.015197588764541359,-0.018972943491973156,-0.022889316055308653,-0.022889920611445385,-0.024972891573031602,-0.01676009230588743,-0.04820912001138223
W050|AY.4|R0.3|C87,0.00885027341971438,0.00630583683043031,-0.03722903525961002,0.022814154129138606,0.12528179016873542,0.09457563923778546,0.032881277741489745,0.06676995994548965,-0.07837014461172495,-0.007391528158480751,-0.04066991318894285,-0.03418628575227835,-0.048889920611445384,-0.029372891573031603,-0.023960092305887432,-0.05740912001138223
W052|AY.4|R0.3|C58,0.17854724311668407,-0.0543002237756303,0.13246793443735969,0.3319050632200477,-0.0868394219524767,-0.08724254258039636,-0.08833084347063147,-0.08474519156966187,0.12162985538827506,-0.06799758876454136,-0.07097294349197315,-0.06448931605530865,-0.048889920611445384,-0.029372891573031603,-0.023960092305887432,-0.05740912001138223
W053|AY.4.2|R0.3|C3,0.031178822064052494,-0.0543002237756303,-0.06753206556264033,-0.015463357832583888,-0.03420784300510828,-0.034610963633027944,0.016932314424105366,0.020517966325074966,0.026893013283011885,-0.01536600981717294,0.03429021440276368,0.040773841839428185,0.05637323728329145,0.023258687374336815,-0.023960092305887432,-0.004777541064013811
W063|AY.4.2.2|R0.3|C83,-0.021452756883315924,-0.0543002237756303,-0.06753206556264033,-0.0680949367799523,-0.0868394219524767,-0.08724254258039636,-0.08833084347063147,-0.08474519156966187,-0.07837014461172495,-0.06799758876454136,-0.07097294349197315,-0.06448931605530865,-0.048889920611445384,-0.029372891573031603,-0.023960092305887432,0.9425908799886178
W063|AY.4.2.2|R0.3|C87,-0.021452756883315924,-0.0543002237756303,-0.06753206556264033,-0.0680949367799523,-0.0868394219524767,0.24609079075293694,-0.08833084347063147,0.08192147509700479,-0.07837014461172495,0.0986690779021253,-0.07097294349197315,0.102177350611358,0.11777674605522127,-0.029372891573031603,-0.023960092305887432,-0.05740912001138223
W064|AY.5|R0.3|C87,-0.021452756883315924,0.07903310955770304,0.19913460110402634,-0.0014282701132856401,0.04649391138085664,-0.020575875913729696,-0.021664176803964805,-0.08474519156966187,-0.011703477945058285,0.06533574456879197,-0.07097294349197315,0.0021773506113580143,-0.048889920611445384,-0.029372891573031603,-0.023960092305887432,-0.05740912001138223
W065|AY.4|R0.3|C952,-0.021452756883315924,-0.0543002237756303,-0.06753206556264033,-0.0680949367799523,0.006183833861476792,0.07554815509402225,0.16748311001774063,0.21758038982568695,-0.008602702751259836,0.0017698530959237568,-0.04771712953848478,-0.04123350210182028,-0.048889920611445384,-0.029372891573031603,-0.023960092305887432,-0.05740912001138223
W066|AY.4|R0.3|C723,-0.021452756883315924,-0.0543002237756303,-0.06753206556264033,-0.0680949367799523,0.006183833861476792,0.07554815509402225,0.16748311001774063,0.21758038982568695,-0.008602702751259836,0.0017698530959237568,-0.04771712953848478,-0.04123350210182028,-0.048889920611445384,-0.029372891573031603,-0.023960092305887432,-0.05740912001138223
W067|AY.4|R0.3|C269,-0.021452756883315924,-0.0543002237756303,-0.06753206556264033,-0.0680949367799523,0.006183833861476792,0.07554815509402225,0.16748311001774063,0.21758038982568695,-0.008602702751259836,0.0017698530959237568,-0.04771712953848478,-0.04123350210182028,-0.048889920611445384,-0.029372891573031603,-0.023960092305887432,-0.05740912001138223
W069|AY.4|R0.3|C63,-0.021452756883315924,-0.0543002237756303,-0.06753206556264033,-0.0680949367799523,0.0010726659596112242,0.022647567309713526,0.16441640927662127,0.06910096227649198,0.03151996527838494,0.01991449914754656,0.04990617738714773,-0.020533272099264692,-0.048889920611445384,-0.018383880584020615,-0.012971081316876442,-0.04642010902237124
W070|AY.4|R0.3|C197,-0.021452756883315924,-0.0543002237756303,-0.06753206556264033,0.09857172988671435,-0.0868394219524767,-0.08724254258039636,-0.08833084347063147,0.08192147509700479,0.0882965220549417,0.0986690779021253,0.0956937231746935,-0.06448931605530865,-0.048889920611445384,0.13729377509363505,-0.023960092305887432,-0.05740912001138223
W071|AY.3|R0.3|C9,-0.021452756883315924,-0.0543002237756303,0.13246793443735969,-0.0680949367799523,-0.0868394219524767,-0.08724254258039636,-0.08833084347063147,-0.08474519156966187,-0.07837014461172495,0.13200241123545864,-0.07097294349197315,-0.06448931605530865,0.15111007938855464,-0.029372891573031603,-0.023960092305887432,0.3425908799886178
W071|AY.4.2.1|R0.3|C32,-0.021452756883315924,-0.0543002237756303,0.43246793443735965,-0.0680949367799523,-0.0868394219524767,-0.08724254258039636,0.07833582319603519,-0.08474519156966187,0.0882965220549417,0.0986690779021253,-0.07097294349197315,-0.06448931605530865,-0.048889920611445384,-0.029372891573031603,-0.023960092305887432,-0.05740912001138223
W071|AY.4|R0.3|C212,-0.021452756883315924,0.11236644289103637,-0.06753206556264033,-0.0680949367799523,-0.0868394219524767,-0.08724254258039636,0.24500248986270184,0.08192147509700479,-0.07837014461172495,-0.06799758876454136,0.0956937231746935,-0.06448931605530865,0.11777674605522127,-0.029372891573031603,-0.023960092305887432,-0.05740912001138223
W071|AY.4|R0.3|C454,0.16604724311668406,0.1331997762243697,-0.0050320655626403255,-0.0680949367799523,-0.0868394219524767,-0.024742542580396362,0.03666915652936853,-0.08474519156966187,-0.01587014461172495,0.05700241123545864,-0.008472943491973153,-0.0019893160553086514,0.013610079388554616,-0.029372891573031603,-0.023960092305887432,-0.05740912001138223
W072|AY.4|R0.3|C115,-0.021452756883315924,0.22020958014593836,0.32462479718245774,-0.0680949367799523,-0.06723157881522179,-0.06763469944314146,-0.04911515719612167,-0.04552950529515207,0.058884757349059375,-0.009174059352776653,-0.07097294349197315,-0.04488147291805375,-0.048889920611445384,-0.029372891573031603,-0.023960092305887432,-0.05740912001138223
W075|BA.1|R0.3|C4,-0.013744637664405337,-0.03014811688971046,-0.03207471715565163,0.008986255409153557,0.057045470133854234,0.04430935875567764,0.025235446354651164,0.010835486744829398,0.000252671421163031,-0.00016613963812819876,-0.005710867438530193,-0.0012827384602418501,-0.011377073746080532,-0.011901154676834277,-0.0090577284826603,-0.031201514667086237
W077|BA.1|R0.3|C10,-0.00033343270168973566,-0.033532888330364545,-0.033389158135677985,0.0008948555466932462,0.04234044429180349,0.027857774209466363,0.008466059028488557,-0.005899714624924099,-0.0083243860759981,-0.008863481055988033,0.004000657352799808,0.0034445100622555874,0.005316344788061832,0.0023060946994076757,0.004199006602947485,-0.00848268565728156
W078|BA.1|R0.3|C1,-0.0006771336146178634,-0.03260123947276788,-0.03244434626439471,0.0034655433677854564,0.0461245669671909,0.03279439186097022,0.012315509253283577,-0.01179966987067757,-0.007271344981069364,-0.007517441026775894,0.0028959392411755103,0.0006076368532786092,0.0032799778188408596,0.0015597030714743984,0.0005089750994680606,-0.011241068303164313
W079|BA.1.15|R0.3|C117,0.008117135589802357,0.007527733213617015,-0.0030159365303822627,-0.027772356134791017,-0.025011464963229382,-0.014661897419106035,-0.015750198309341143,0.0012763138066822222,-0.013854015579466888,-0.011545975861315554,-0.0037686424167043403,-0.005349531109072089,0.01562620842081268,0.027078721330194202,0.013674316296263107,0.04742958966603713
W080|BA.1.15|R0.3|C1,0.008926989952127113,-0.0011356668136049825,0.0008223648171065134,-0.02252531652678775,-0.02607992828159062,-0.013824821061409018,-0.014913121951644126,-0.003732533341813768,-0.0074840686623578595,-0.007238095093655285,-0.00768180425146682,-0.008793113523663083,0.01186957305944069,0.023791665388993712,0.014014591238416366,0.05398328505190891
W080|BA.1.15|R0.3|C227,-0.021452756883315924,-0.0543002237756303,-0.06753206556264033,-0.0680949367799523,0.31316057804752334,0.31275745741960365,-0.08833084347063147,-0.08474519156966187,-0.07837014461172495,-0.06799758876454136,0.12902705650802687,-0.06448931605530865,-0.048889920611445384,-0.029372891573031603,-0.023960092305887432,-0.05740912001138223
W080|BA.1|R0.3|C1,0.02552710888849616,0.0035856822646381584,0.00042095457158786154,-0.02027614483364358,-0.013013918596771992,-0.015094891573684946,-0.006116078369960323,-0.004208278817984024,-0.01796746004796656,-0.0025613471538031007,-0.01979844684767785,-0.006603410015040195,0.011512763952313008,0.003345229232337526,0.004563397626998474,0.0566848397201614
W080|BA.2.23|R0.3|C1,-0.021452756883315924,0.279033109557703,0.18246793443735967,0.015238396553381023,-0.0868394219524767,-0.08724254258039636,-0.08833084347063147,-0.08474519156966187,0.0049631887216083775,0.0986690779021253,0.012360389841360175,-0.06448931605530865,-0.048889920611445384,-0.029372891573031603,-0.023960092305887432,-0.05740912001138223
W082|BA.1.1|R0.3|C1197,-0.021452756883315924,-0.0543002237756303,-0.06753206556264033,-0.0680949367799523,-0.0868394219524767,-0.08724254258039636,-0.08833084347063147,-0.08474519156966187,-0.07837014461172495,-0.06799758876454136,-0.07097294349197315,-0.06448931605530865,-0.048889920611445384,-0.029372891573031603,-0.023960092305887432,0.9425908799886178
W082|BA.2|R0.3|C152,-0.021452756883315924,-0.0543002237756303,0.09913460110402633,-0.0680949367799523,-0.0868394219524767,-0.08724254258039636,0.5783358231960352,-0.08474519156966187,-0.07837014461172495,0.0986690779021253,-0.07097294349197315,-0.06448931605530865,-0.048889920611445384,-0.029372891573031603,-0.023960092305887432,-0.05740912001138223
W084|BA.1.1.15|R0.3|C52,-0.01573847116903021,-0.02001450948991601,-0.027532065562640325,0.00047649179147626897,-0.029696564809619554,0.07847174313388934,0.031669156529368525,0.035254808430338125,0.01877271253113219,-0.010854731621684217,-0.019544372063401726,-0.018775030341022937,0.002538650817126044,0.01634139414125411,-0.0068172351630302885,-0.03455197715423937
W085|BA.1.1.15|R0.3|C73,-0.021452756883315924,-0.0543002237756303,0.005195207164632398,-0.031731300416315944,0.05861512350206875,0.07639382105596727,0.020760065620277615,-0.06656337338784368,0.0670844008428205,-0.031633952400905,0.0017543292352995704,-0.02812567969167229,0.02383735211582734,-0.011191073391213422,0.048767180421385295,-0.05740912001138223
W085|BA.1.13|R0.3|C1,-0.021452756883315924,0.14569977622436972,-0.0008653988959736597,-0.0014282701132856401,-0.02017275528581003,-0.020575875913729696,-0.021664176803964805,0.04858814176367146,-0.011703477945058285,-0.06799758876454136,0.06236038984136018,0.0021773506113580143,-0.048889920611445384,0.03729377509363506,-0.023960092305887432,-0.05740912001138223
W086|BA.1.1|R0.3|C530,-0.021452756883315924,0.14569977622436972,-0.06753206556264033,-0.0680949367799523,-0.0868394219524767,-0.08724254258039636,-0.08833084347063147,-0.08474519156966187,0.12162985538827506,0.13200241123545864,-0.07097294349197315,0.13551068394469135,-0.048889920611445384,-0.029372891573031603,0.17603990769411257,-0.05740912001138223
W086|BA.1.1|R0.3|C553,-0.021452756883315924,0.07069977622436971,-0.06753206556264033,-0.0680949367799523,0.2881605780475233,-0.08724254258039636,0.16166915652936853,-0.08474519156966187,-0.07837014461172495,0.05700241123545864,-0.07097294349197315,0.06051068394469135,-0.048889920611445384,-0.029372891573031603,-0.023960092305887432,-0.05740912001138223
W093|BA.2|R0.3|C1564,-0.021452756883315924,-0.0543002237756303,-0.06753206556264033,-0.0680949367799523,-0.0868394219524767,-0.08724254258039636,-0.08833084347063147,-0.08474519156966187,0.32162985538827504,-0.06799758876454136,0.3290270565080269,-0.06448931605530865,-0.048889920611445384,0.1706271084269684,-0.023960092305887432,-0.05740912001138223
W094|BA.2|R0.3|C991,-0.021452756883315924,-0.0543002237756303,-0.06753206556264033,-0.0680949367799523,-0.0868394219524767,0.19847174313388932,0.05452629938651138,-0.08474519156966187,-0.07837014461172495,-0.06799758876454136,0.21474134222231256,-0.06448931605530865,0.09396722224569747,-0.029372891573031603,0.11889705055125542,-0.05740912001138223
W096|BA.2|R0.3|C1051,-0.021452756883315924,-0.0543002237756303,-0.06753206556264033,-0.0680949367799523,-0.0868394219524767,-0.08724254258039636,-0.08833084347063147,0.11525480843033814,-0.07837014461172495,-0.06799758876454136,0.12902705650802687,-0.06448931605530865,-0.048889920611445384,-0.029372891573031603,0.3760399076941126,0.14259087998861777
W102|BA.5.2|R0.3|C18,-0.021452756883315924,-0.0543002237756303,-0.06753206556264033,0.09857172988671435,0.07982724471418996,-0.08724254258039636,-0.08833084347063147,0.08192147509700479,-0.07837014461172495,0.0986690779021253,-0.07097294349197315,-0.06448931605530865,0.11777674605522127,-0.029372891573031603,-0.023960092305887432,0.10925754665528442
W113|BA.5.2|R0.3|C31,-0.021452756883315924,-0.0543002237756303,-0.06753206556264033,-0.0680949367799523,-0.0868394219524767,-0.08724254258039636,-0.08833084347063147,-0.08474519156966187,-0.07837014461172495,-0.06799758876454136,-0.07097294349197315,-0.06448931605530865,-0.048889920611445384,-0.029372891573031603,-0.023960092305887432,0.9425908799886178
W116|BA.5.2|R0.3|C11,-0.021452756883315924,-0.0543002237756303,-0.06753206556264033,-0.0680949367799523,-0.0868394219524767,-0.08724254258039636,-0.08833084347063147,-0.08474519156966187,-0.07837014461172495,-0.06799758876454136,-0.07097294349197315,-0.06448931605530865,-0.048889920611445384,-0.029372891573031603,-0.023960092305887432,0.9425908799886178
