cluster_id,age_band,cluster_prop,overall_prop,difference
W077|BA.1|R0.3|C10,65-69,0.03167898627243928,0.029372891573031603,0.0023060946994076757
W077|BA.1|R0.3|C10,45-49,0.059134107708553325,0.06799758876454136,-0.008863481055988033
W077|BA.1|R0.3|C10,20-24,0.12917986624428018,0.0868394219524767,0.04234044429180349
W077|BA.1|R0.3|C10,25-29,0.11510031678986272,0.08724254258039636,0.027857774209466363
W077|BA.1|R0.3|C10,15-19,0.06898979232664555,0.0680949367799523,0.0008948555466932462
W077|BA.1|R0.3|C10,05-09,0.020767335445265753,0.0543002237756303,-0.033532888330364545
W077|BA.1|R0.3|C10,35-39,0.07884547694473777,0.08474519156966187,-0.005899714624924099
W077|BA.1|R0.3|C10,30-34,0.09679690249912003,0.08833084347063147,0.008466059028488557
W077|BA.1|R0.3|C10,10-14,0.03414290742696234,0.06753206556264033,-0.033389158135677985
W077|BA.1|R0.3|C10,55-59,0.06793382611756424,0.06448931605530865,0.0034445100622555874
W077|BA.1|R0.3|C10,40-44,0.07004575853572685,0.07837014461172495,-0.0083243860759981
W077|BA.1|R0.3|C10,60-64,0.054206265399507216,0.048889920611445384,0.005316344788061832
W077|BA.1|R0.3|C10,50-54,0.07497360084477296,0.07097294349197315,0.004000657352799808
W077|BA.1|R0.3|C10,70-74,0.028159098908834918,0.023960092305887432,0.004199006602947485
W077|BA.1|R0.3|C10,00-04,0.021119324181626188,0.021452756883315924,-0.00033343270168973566
W077|BA.1|R0.3|C10,75+,0.04892643435410067,0.05740912001138223,-0.00848268565728156
W048|AY.4|R0.3|C1,65-69,0.0044,0.029372891573031603,-0.024972891573031602
W048|AY.4|R0.3|C1,45-49,0.0528,0.06799758876454136,-0.015197588764541359
W048|AY.4|R0.3|C1,20-24,0.1888,0.0868394219524767,0.1019605780475233
W048|AY.4|R0.3|C1,25-29,0.1196,0.08724254258039636,0.032357457419603636
W048|AY.4|R0.3|C1,15-19,0.1068,0.0680949367799523,0.0387050632200477
W048|AY.4|R0.3|C1,05-09,0.066,0.0543002237756303,0.011699776224369705
W048|AY.4|R0.3|C1,35-39,0.0792,0.08474519156966187,-0.005545191569661864
W048|AY.4|R0.3|C1,30-34,0.0916,0.08833084347063147,0.0032691565293685304
W048|AY.4|R0.3|C1,10-14,0.0748,0.06753206556264033,0.00726793443735968
W048|AY.4|R0.3|C1,55-59,0.0416,0.06448931605530865,-0.022889316055308653
W048|AY.4|R0.3|C1,40-44,0.0512,0.07837014461172495,-0.02717014461172495
W048|AY.4|R0.3|C1,60-64,0.026,0.048889920611445384,-0.022889920611445385
W048|AY.4|R0.3|C1,50-54,0.052,0.07097294349197315,-0.018972943491973156
W048|AY.4|R0.3|C1,70-74,0.0072,0.023960092305887432,-0.01676009230588743
W048|AY.4|R0.3|C1,00-04,0.0288,0.021452756883315924,0.007347243116684075
W048|AY.4|R0.3|C1,75+,0.0092,0.05740912001138223,-0.04820912001138223
W078|BA.1|R0.3|C1,65-69,0.030932594644506,0.029372891573031603,0.0015597030714743984
W078|BA.1|R0.3|C1,45-49,0.060480147737765465,0.06799758876454136,-0.007517441026775894
W078|BA.1|R0.3|C1,20-24,0.1329639889196676,0.0868394219524767,0.0461245669671909
W078|BA.1|R0.3|C1,25-29,0.12003693444136658,0.08724254258039636,0.03279439186097022
W078|BA.1|R0.3|C1,15-19,0.07156048014773776,0.0680949367799523,0.0034655433677854564
W078|BA.1|R0.3|C1,05-09,0.02169898430286242,0.0543002237756303,-0.03260123947276788
W078|BA.1|R0.3|C1,35-39,0.0729455216989843,0.08474519156966187,-0.01179966987067757
W078|BA.1|R0.3|C1,30-34,0.10064635272391505,0.08833084347063147,0.012315509253283577
W078|BA.1|R0.3|C1,10-14,0.03508771929824561,0.06753206556264033,-0.03244434626439471
W078|BA.1|R0.3|C1,55-59,0.06509695290858726,0.06448931605530865,0.0006076368532786092
W078|BA.1|R0.3|C1,40-44,0.07109879963065559,0.07837014461172495,-0.007271344981069364
W078|BA.1|R0.3|C1,60-64,0.05216989843028624,0.048889920611445384,0.0032799778188408596
W078|BA.1|R0.3|C1,50-54,0.07386888273314866,0.07097294349197315,0.0028959392411755103
W078|BA.1|R0.3|C1,70-74,0.024469067405355493,0.023960092305887432,0.0005089750994680606
W078|BA.1|R0.3|C1,00-04,0.02077562326869806,0.021452756883315924,-0.0006771336146178634
W078|BA.1|R0.3|C1,75+,0.046168051708217916,0.05740912001138223,-0.011241068303164313
W041|B.1.1.7|R0.3|C140,65-69,0.0,0.029372891573031603,-0.029372891573031603
W041|B.1.1.7|R0.3|C140,45-49,0.05263157894736842,0.06799758876454136,-0.01536600981717294
W041|B.1.1.7|R0.3|C140,20-24,0.0,0.0868394219524767,-0.0868394219524767
W041|B.1.1.7|R0.3|C140,25-29,0.07894736842105263,0.08724254258039636,-0.008295174159343735
W041|B.1.1.7|R0.3|C140,15-19,0.0,0.0680949367799523,-0.0680949367799523
W041|B.1.1.7|R0.3|C140,05-09,0.21052631578947367,0.0543002237756303,0.15622609201384338
W041|B.1.1.7|R0.3|C140,35-39,0.21052631578947367,0.08474519156966187,0.1257811242198118
W041|B.1.1.7|R0.3|C140,30-34,0.2631578947368421,0.08833084347063147,0.17482705126621062
W041|B.1.1.7|R0.3|C140,10-14,0.02631578947368421,0.06753206556264033,-0.041216276088956116
W041|B.1.1.7|R0.3|C140,55-59,0.0,0.06448931605530865,-0.06448931605530865
W041|B.1.1.7|R0.3|C140,40-44,0.05263157894736842,0.07837014461172495,-0.025738565664356533
W041|B.1.1.7|R0.3|C140,60-64,0.02631578947368421,0.048889920611445384,-0.022574131137761175
W041|B.1.1.7|R0.3|C140,50-54,0.0,0.07097294349197315,-0.07097294349197315
W041|B.1.1.7|R0.3|C140,70-74,0.0,0.023960092305887432,-0.023960092305887432
W041|B.1.1.7|R0.3|C140,00-04,0.07894736842105263,0.021452756883315924,0.0574946115377367
W041|B.1.1.7|R0.3|C140,75+,0.0,0.05740912001138223,-0.05740912001138223
W042|B.1.1.7|R0.3|C34,65-69,0.0,0.029372891573031603,-0.029372891573031603
W042|B.1.1.7|R0.3|C34,45-49,0.05263157894736842,0.06799758876454136,-0.01536600981717294
W042|B.1.1.7|R0.3|C34,20-24,0.0,0.0868394219524767,-0.0868394219524767
W042|B.1.1.7|R0.3|C34,25-29,0.07894736842105263,0.08724254258039636,-0.008295174159343735
W042|B.1.1.7|R0.3|C34,15-19,0.0,0.0680949367799523,-0.0680949367799523
W042|B.1.1.7|R0.3|C34,05-09,0.21052631578947367,0.0543002237756303,0.15622609201384338
W042|B.1.1.7|R0.3|C34,35-39,0.21052631578947367,0.08474519156966187,0.1257811242198118
W042|B.1.1.7|R0.3|C34,30-34,0.2631578947368421,0.08833084347063147,0.17482705126621062
W042|B.1.1.7|R0.3|C34,10-14,0.02631578947368421,0.06753206556264033,-0.041216276088956116
W042|B.1.1.7|R0.3|C34,55-59,0.0,0.06448931605530865,-0.06448931605530865
W042|B.1.1.7|R0.3|C34,40-44,0.05263157894736842,0.07837014461172495,-0.025738565664356533
W042|B.1.1.7|R0.3|C34,60-64,0.02631578947368421,0.048889920611445384,-0.022574131137761175
W042|B.1.1.7|R0.3|C34,50-54,0.0,0.07097294349197315,-0.07097294349197315
W042|B.1.1.7|R0.3|C34,70-74,0.0,0.023960092305887432,-0.023960092305887432
W042|B.1.1.7|R0.3|C34,00-04,0.07894736842105263,0.021452756883315924,0.0574946115377367
W042|B.1.1.7|R0.3|C34,75+,0.0,0.05740912001138223,-0.05740912001138223
W039|B.1.1.7|R0.3|C1,65-69,0.0,0.029372891573031603,-0.029372891573031603
W039|B.1.1.7|R0.3|C1,45-49,0.06818181818181818,0.06799758876454136,0.0001842294172768183
W039|B.1.1.7|R0.3|C1,20-24,0.045454545454545456,0.0868394219524767,-0.04138487649793124
W039|B.1.1.7|R0.3|C1,25-29,0.022727272727272728,0.08724254258039636,-0.06451526985312364
W039|B.1.1.7|R0.3|C1,15-19,0.045454545454545456,0.0680949367799523,-0.02264039132540685
W039|B.1.1.7|R0.3|C1,05-09,0.25,0.0543002237756303,0.1956997762243697
W039|B.1.1.7|R0.3|C1,35-39,0.11363636363636363,0.08474519156966187,0.028891172066701762
W039|B.1.1.7|R0.3|C1,30-34,0.022727272727272728,0.08833084347063147,-0.06560357074335874
W039|B.1.1.7|R0.3|C1,10-14,0.20454545454545456,0.06753206556264033,0.13701338898281423
W039|B.1.1.7|R0.3|C1,55-59,0.022727272727272728,0.06448931605530865,-0.041762043328035924
W039|B.1.1.7|R0.3|C1,40-44,0.09090909090909091,0.07837014461172495,0.01253894629736596
W039|B.1.1.7|R0.3|C1,60-64,0.022727272727272728,0.048889920611445384,-0.026162647884172656
W039|B.1.1.7|R0.3|C1,50-54,0.0,0.07097294349197315,-0.07097294349197315
W039|B.1.1.7|R0.3|C1,70-74,0.0,0.023960092305887432,-0.023960092305887432
W039|B.1.1.7|R0.3|C1,00-04,0.09090909090909091,0.021452756883315924,0.06945633402577499
W039|B.1.1.7|R0.3|C1,75+,0.0,0.05740912001138223,-0.05740912001138223
W037|B.1.1.7|R0.3|C9,65-69,0.0,0.029372891573031603,-0.029372891573031603
W037|B.1.1.7|R0.3|C9,45-49,0.075,0.06799758876454136,0.007002411235458639
W037|B.1.1.7|R0.3|C9,20-24,0.075,0.0868394219524767,-0.011839421952476697
W037|B.1.1.7|R0.3|C9,25-29,0.0625,0.08724254258039636,-0.024742542580396362
W037|B.1.1.7|R0.3|C9,15-19,0.225,0.0680949367799523,0.1569050632200477
W037|B.1.1.7|R0.3|C9,05-09,0.1,0.0543002237756303,0.04569977622436971
W037|B.1.1.7|R0.3|C9,35-39,0.0375,0.08474519156966187,-0.04724519156966187
W037|B.1.1.7|R0.3|C9,30-34,0.0375,0.08833084347063147,-0.05083084347063147
W037|B.1.1.7|R0.3|C9,10-14,0.0625,0.06753206556264033,-0.0050320655626403255
W037|B.1.1.7|R0.3|C9,55-59,0.0625,0.06448931605530865,-0.0019893160553086514
W037|B.1.1.7|R0.3|C9,40-44,0.0875,0.07837014461172495,0.009129855388275043
W037|B.1.1.7|R0.3|C9,60-64,0.025,0.048889920611445384,-0.023889920611445382
W037|B.1.1.7|R0.3|C9,50-54,0.075,0.07097294349197315,0.004027056508026844
W037|B.1.1.7|R0.3|C9,70-74,0.0,0.023960092305887432,-0.023960092305887432
W037|B.1.1.7|R0.3|C9,00-04,0.075,0.021452756883315924,0.05354724311668407
W037|B.1.1.7|R0.3|C9,75+,0.0,0.05740912001138223,-0.05740912001138223
W085|BA.1.1.15|R0.3|C73,65-69,0.01818181818181818,0.029372891573031603,-0.011191073391213422
W085|BA.1.1.15|R0.3|C73,45-49,0.03636363636363636,0.06799758876454136,-0.031633952400905
W085|BA.1.1.15|R0.3|C73,20-24,0.14545454545454545,0.0868394219524767,0.05861512350206875
W085|BA.1.1.15|R0.3|C73,25-29,0.16363636363636364,0.08724254258039636,0.07639382105596727
W085|BA.1.1.15|R0.3|C73,15-19,0.03636363636363636,0.0680949367799523,-0.031731300416315944
W085|BA.1.1.15|R0.3|C73,05-09,0.0,0.0543002237756303,-0.0543002237756303
W085|BA.1.1.15|R0.3|C73,35-39,0.01818181818181818,0.08474519156966187,-0.06656337338784368
W085|BA.1.1.15|R0.3|C73,30-34,0.10909090909090909,0.08833084347063147,0.020760065620277615
W085|BA.1.1.15|R0.3|C73,10-14,0.07272727272727272,0.06753206556264033,0.005195207164632398
W085|BA.1.1.15|R0.3|C73,55-59,0.03636363636363636,0.06448931605530865,-0.02812567969167229
W085|BA.1.1.15|R0.3|C73,40-44,0.14545454545454545,0.07837014461172495,0.0670844008428205
W085|BA.1.1.15|R0.3|C73,60-64,0.07272727272727272,0.048889920611445384,0.02383735211582734
W085|BA.1.1.15|R0.3|C73,50-54,0.07272727272727272,0.07097294349197315,0.0017543292352995704
W085|BA.1.1.15|R0.3|C73,70-74,0.07272727272727272,0.023960092305887432,0.048767180421385295
W085|BA.1.1.15|R0.3|C73,00-04,0.0,0.021452756883315924,-0.021452756883315924
W085|BA.1.1.15|R0.3|C73,75+,0.0,0.05740912001138223,-0.05740912001138223
W084|BA.1.1.15|R0.3|C52,65-69,0.045714285714285714,0.029372891573031603,0.01634139414125411
W084|BA.1.1.15|R0.3|C52,45-49,0.05714285714285714,0.06799758876454136,-0.010854731621684217
W084|BA.1.1.15|R0.3|C52,20-24,0.05714285714285714,0.0868394219524767,-0.029696564809619554
W084|BA.1.1.15|R0.3|C52,25-29,0.1657142857142857,0.08724254258039636,0.07847174313388934
W084|BA.1.1.15|R0.3|C52,15-19,0.06857142857142857,0.0680949367799523,0.00047649179147626897
W084|BA.1.1.15|R0.3|C52,05-09,0.03428571428571429,0.0543002237756303,-0.02001450948991601
W084|BA.1.1.15|R0.3|C52,35-39,0.12,0.08474519156966187,0.035254808430338125
W084|BA.1.1.15|R0.3|C52,30-34,0.12,0.08833084347063147,0.031669156529368525
W084|BA.1.1.15|R0.3|C52,10-14,0.04,0.06753206556264033,-0.027532065562640325
W084|BA.1.1.15|R0.3|C52,55-59,0.045714285714285714,0.06448931605530865,-0.018775030341022937
W084|BA.1.1.15|R0.3|C52,40-44,0.09714285714285714,0.07837014461172495,0.01877271253113219
W084|BA.1.1.15|R0.3|C52,60-64,0.05142857142857143,0.048889920611445384,0.002538650817126044
W084|BA.1.1.15|R0.3|C52,50-54,0.05142857142857143,0.07097294349197315,-0.019544372063401726
W084|BA.1.1.15|R0.3|C52,70-74,0.017142857142857144,0.023960092305887432,-0.0068172351630302885
W084|BA.1.1.15|R0.3|C52,00-04,0.005714285714285714,0.021452756883315924,-0.01573847116903021
W084|BA.1.1.15|R0.3|C52,75+,0.022857142857142857,0.05740912001138223,-0.03455197715423937
W082|BA.1.1|R0.3|C1197,65-69,0.0,0.029372891573031603,-0.029372891573031603
W082|BA.1.1|R0.3|C1197,45-49,0.0,0.06799758876454136,-0.06799758876454136
W082|BA.1.1|R0.3|C1197,20-24,0.0,0.0868394219524767,-0.0868394219524767
W082|BA.1.1|R0.3|C1197,25-29,0.0,0.08724254258039636,-0.08724254258039636
W082|BA.1.1|R0.3|C1197,15-19,0.0,0.0680949367799523,-0.0680949367799523
W082|BA.1.1|R0.3|C1197,05-09,0.0,0.0543002237756303,-0.0543002237756303
W082|BA.1.1|R0.3|C1197,35-39,0.0,0.08474519156966187,-0.08474519156966187
W082|BA.1.1|R0.3|C1197,30-34,0.0,0.08833084347063147,-0.08833084347063147
W082|BA.1.1|R0.3|C1197,10-14,0.0,0.06753206556264033,-0.06753206556264033
W082|BA.1.1|R0.3|C1197,55-59,0.0,0.06448931605530865,-0.06448931605530865
W082|BA.1.1|R0.3|C1197,40-44,0.0,0.07837014461172495,-0.07837014461172495
W082|BA.1.1|R0.3|C1197,60-64,0.0,0.048889920611445384,-0.048889920611445384
W082|BA.1.1|R0.3|C1197,50-54,0.0,0.07097294349197315,-0.07097294349197315
W082|BA.1.1|R0.3|C1197,70-74,0.0,0.023960092305887432,-0.023960092305887432
W082|BA.1.1|R0.3|C1197,00-04,0.0,0.021452756883315924,-0.021452756883315924
W082|BA.1.1|R0.3|C1197,75+,1.0,0.05740912001138223,0.9425908799886178
W113|BA.5.2|R0.3|C31,65-69,0.0,0.029372891573031603,-0.029372891573031603
W113|BA.5.2|R0.3|C31,45-49,0.0,0.06799758876454136,-0.06799758876454136
W113|BA.5.2|R0.3|C31,20-24,0.0,0.0868394219524767,-0.0868394219524767
W113|BA.5.2|R0.3|C31,25-29,0.0,0.08724254258039636,-0.08724254258039636
W113|BA.5.2|R0.3|C31,15-19,0.0,0.0680949367799523,-0.0680949367799523
W113|BA.5.2|R0.3|C31,05-09,0.0,0.0543002237756303,-0.0543002237756303
W113|BA.5.2|R0.3|C31,35-39,0.0,0.08474519156966187,-0.08474519156966187
W113|BA.5.2|R0.3|C31,30-34,0.0,0.08833084347063147,-0.08833084347063147
W113|BA.5.2|R0.3|C31,10-14,0.0,0.06753206556264033,-0.06753206556264033
W113|BA.5.2|R0.3|C31,55-59,0.0,0.06448931605530865,-0.06448931605530865
W113|BA.5.2|R0.3|C31,40-44,0.0,0.07837014461172495,-0.07837014461172495
W113|BA.5.2|R0.3|C31,60-64,0.0,0.048889920611445384,-0.048889920611445384
W113|BA.5.2|R0.3|C31,50-54,0.0,0.07097294349197315,-0.07097294349197315
W113|BA.5.2|R0.3|C31,70-74,0.0,0.023960092305887432,-0.023960092305887432
W113|BA.5.2|R0.3|C31,00-04,0.0,0.021452756883315924,-0.021452756883315924
W113|BA.5.2|R0.3|C31,75+,1.0,0.05740912001138223,0.9425908799886178
W116|BA.5.2|R0.3|C11,65-69,0.0,0.029372891573031603,-0.029372891573031603
W116|BA.5.2|R0.3|C11,45-49,0.0,0.06799758876454136,-0.06799758876454136
W116|BA.5.2|R0.3|C11,20-24,0.0,0.0868394219524767,-0.0868394219524767
W116|BA.5.2|R0.3|C11,25-29,0.0,0.08724254258039636,-0.08724254258039636
W116|BA.5.2|R0.3|C11,15-19,0.0,0.0680949367799523,-0.0680949367799523
W116|BA.5.2|R0.3|C11,05-09,0.0,0.0543002237756303,-0.0543002237756303
W116|BA.5.2|R0.3|C11,35-39,0.0,0.08474519156966187,-0.08474519156966187
W116|BA.5.2|R0.3|C11,30-34,0.0,0.08833084347063147,-0.08833084347063147
W116|BA.5.2|R0.3|C11,10-14,0.0,0.06753206556264033,-0.06753206556264033
W116|BA.5.2|R0.3|C11,55-59,0.0,0.06448931605530865,-0.06448931605530865
W116|BA.5.2|R0.3|C11,40-44,0.0,0.07837014461172495,-0.07837014461172495
W116|BA.5.2|R0.3|C11,60-64,0.0,0.048889920611445384,-0.048889920611445384
W116|BA.5.2|R0.3|C11,50-54,0.0,0.07097294349197315,-0.07097294349197315
W116|BA.5.2|R0.3|C11,70-74,0.0,0.023960092305887432,-0.023960092305887432
W116|BA.5.2|R0.3|C11,00-04,0.0,0.021452756883315924,-0.021452756883315924
W116|BA.5.2|R0.3|C11,75+,1.0,0.05740912001138223,0.9425908799886178
W079|BA.1.15|R0.3|C117,65-69,0.056451612903225805,0.029372891573031603,0.027078721330194202
W079|BA.1.15|R0.3|C117,45-49,0.056451612903225805,0.06799758876454136,-0.011545975861315554
W079|BA.1.15|R0.3|C117,20-24,0.06182795698924731,0.0868394219524767,-0.025011464963229382
W079|BA.1.15|R0.3|C117,25-29,0.07258064516129033,0.08724254258039636,-0.014661897419106035
W079|BA.1.15|R0.3|C117,15-19,0.04032258064516129,0.0680949367799523,-0.027772356134791017
W079|BA.1.15|R0.3|C117,05-09,0.06182795698924731,0.0543002237756303,0.007527733213617015
W079|BA.1.15|R0.3|C117,35-39,0.08602150537634409,0.08474519156966187,0.0012763138066822222
W079|BA.1.15|R0.3|C117,30-34,0.07258064516129033,0.08833084347063147,-0.015750198309341143
W079|BA.1.15|R0.3|C117,10-14,0.06451612903225806,0.06753206556264033,-0.0030159365303822627
W079|BA.1.15|R0.3|C117,55-59,0.05913978494623656,0.06448931605530865,-0.005349531109072089
W079|BA.1.15|R0.3|C117,40-44,0.06451612903225806,0.07837014461172495,-0.013854015579466888
W079|BA.1.15|R0.3|C117,60-64,0.06451612903225806,0.048889920611445384,0.01562620842081268
W079|BA.1.15|R0.3|C117,50-54,0.06720430107526881,0.07097294349197315,-0.0037686424167043403
W079|BA.1.15|R0.3|C117,70-74,0.03763440860215054,0.023960092305887432,0.013674316296263107
W079|BA.1.15|R0.3|C117,00-04,0.02956989247311828,0.021452756883315924,0.008117135589802357
W079|BA.1.15|R0.3|C117,75+,0.10483870967741936,0.05740912001138223,0.04742958966603713
W080|BA.1.15|R0.3|C1,65-69,0.053164556962025315,0.029372891573031603,0.023791665388993712
W080|BA.1.15|R0.3|C1,45-49,0.060759493670886074,0.06799758876454136,-0.007238095093655285
W080|BA.1.15|R0.3|C1,20-24,0.060759493670886074,0.0868394219524767,-0.02607992828159062
W080|BA.1.15|R0.3|C1,25-29,0.07341772151898734,0.08724254258039636,-0.013824821061409018
W080|BA.1.15|R0.3|C1,15-19,0.04556962025316456,0.0680949367799523,-0.02252531652678775
W080|BA.1.15|R0.3|C1,05-09,0.053164556962025315,0.0543002237756303,-0.0011356668136049825
W080|BA.1.15|R0.3|C1,35-39,0.0810126582278481,0.08474519156966187,-0.003732533341813768
W080|BA.1.15|R0.3|C1,30-34,0.07341772151898734,0.08833084347063147,-0.014913121951644126
W080|BA.1.15|R0.3|C1,10-14,0.06835443037974684,0.06753206556264033,0.0008223648171065134
W080|BA.1.15|R0.3|C1,55-59,0.05569620253164557,0.06448931605530865,-0.008793113523663083
W080|BA.1.15|R0.3|C1,40-44,0.07088607594936709,0.07837014461172495,-0.0074840686623578595
W080|BA.1.15|R0.3|C1,60-64,0.060759493670886074,0.048889920611445384,0.01186957305944069
W080|BA.1.15|R0.3|C1,50-54,0.06329113924050633,0.07097294349197315,-0.00768180425146682
W080|BA.1.15|R0.3|C1,70-74,0.0379746835443038,0.023960092305887432,0.014014591238416366
W080|BA.1.15|R0.3|C1,00-04,0.030379746835443037,0.021452756883315924,0.008926989952127113
W080|BA.1.15|R0.3|C1,75+,0.11139240506329114,0.05740912001138223,0.05398328505190891
W080|BA.1|R0.3|C1,65-69,0.03271812080536913,0.029372891573031603,0.003345229232337526
W080|BA.1|R0.3|C1,45-49,0.06543624161073826,0.06799758876454136,-0.0025613471538031007
W080|BA.1|R0.3|C1,20-24,0.0738255033557047,0.0868394219524767,-0.013013918596771992
W080|BA.1|R0.3|C1,25-29,0.07214765100671142,0.08724254258039636,-0.015094891573684946
W080|BA.1|R0.3|C1,15-19,0.047818791946308725,0.0680949367799523,-0.02027614483364358
W080|BA.1|R0.3|C1,05-09,0.057885906040268456,0.0543002237756303,0.0035856822646381584
W080|BA.1|R0.3|C1,35-39,0.08053691275167785,0.08474519156966187,-0.004208278817984024
W080|BA.1|R0.3|C1,30-34,0.08221476510067115,0.08833084347063147,-0.006116078369960323
W080|BA.1|R0.3|C1,10-14,0.06795302013422819,0.06753206556264033,0.00042095457158786154
W080|BA.1|R0.3|C1,55-59,0.057885906040268456,0.06448931605530865,-0.006603410015040195
W080|BA.1|R0.3|C1,40-44,0.06040268456375839,0.07837014461172495,-0.01796746004796656
W080|BA.1|R0.3|C1,60-64,0.06040268456375839,0.048889920611445384,0.011512763952313008
W080|BA.1|R0.3|C1,50-54,0.051174496644295304,0.07097294349197315,-0.01979844684767785
W080|BA.1|R0.3|C1,70-74,0.028523489932885907,0.023960092305887432,0.004563397626998474
W080|BA.1|R0.3|C1,00-04,0.04697986577181208,0.021452756883315924,0.02552710888849616
W080|BA.1|R0.3|C1,75+,0.11409395973154363,0.05740912001138223,0.0566848397201614
W065|AY.4|R0.3|C952,65-69,0.0,0.029372891573031603,-0.029372891573031603
W065|AY.4|R0.3|C952,45-49,0.06976744186046512,0.06799758876454136,0.0017698530959237568
W065|AY.4|R0.3|C952,20-24,0.09302325581395349,0.0868394219524767,0.006183833861476792
W065|AY.4|R0.3|C952,25-29,0.16279069767441862,0.08724254258039636,0.07554815509402225
W065|AY.4|R0.3|C952,15-19,0.0,0.0680949367799523,-0.0680949367799523
W065|AY.4|R0.3|C952,05-09,0.0,0.0543002237756303,-0.0543002237756303
W065|AY.4|R0.3|C952,35-39,0.3023255813953488,0.08474519156966187,0.21758038982568695
W065|AY.4|R0.3|C952,30-34,0.2558139534883721,0.08833084347063147,0.16748311001774063
W065|AY.4|R0.3|C952,10-14,0.0,0.06753206556264033,-0.06753206556264033
W065|AY.4|R0.3|C952,55-59,0.023255813953488372,0.06448931605530865,-0.04123350210182028
W065|AY.4|R0.3|C952,40-44,0.06976744186046512,0.07837014461172495,-0.008602702751259836
W065|AY.4|R0.3|C952,60-64,0.0,0.048889920611445384,-0.048889920611445384
W065|AY.4|R0.3|C952,50-54,0.023255813953488372,0.07097294349197315,-0.04771712953848478
W065|AY.4|R0.3|C952,70-74,0.0,0.023960092305887432,-0.023960092305887432
W065|AY.4|R0.3|C952,00-04,0.0,0.021452756883315924,-0.021452756883315924
W065|AY.4|R0.3|C952,75+,0.0,0.05740912001138223,-0.05740912001138223
W066|AY.4|R0.3|C723,65-69,0.0,0.029372891573031603,-0.029372891573031603
W066|AY.4|R0.3|C723,45-49,0.06976744186046512,0.06799758876454136,0.0017698530959237568
W066|AY.4|R0.3|C723,20-24,0.09302325581395349,0.0868394219524767,0.006183833861476792
W066|AY.4|R0.3|C723,25-29,0.16279069767441862,0.08724254258039636,0.07554815509402225
W066|AY.4|R0.3|C723,15-19,0.0,0.0680949367799523,-0.0680949367799523
W066|AY.4|R0.3|C723,05-09,0.0,0.0543002237756303,-0.0543002237756303
W066|AY.4|R0.3|C723,35-39,0.3023255813953488,0.08474519156966187,0.21758038982568695
W066|AY.4|R0.3|C723,30-34,0.2558139534883721,0.08833084347063147,0.16748311001774063
W066|AY.4|R0.3|C723,10-14,0.0,0.06753206556264033,-0.06753206556264033
W066|AY.4|R0.3|C723,55-59,0.023255813953488372,0.06448931605530865,-0.04123350210182028
W066|AY.4|R0.3|C723,40-44,0.06976744186046512,0.07837014461172495,-0.008602702751259836
W066|AY.4|R0.3|C723,60-64,0.0,0.048889920611445384,-0.048889920611445384
W066|AY.4|R0.3|C723,50-54,0.023255813953488372,0.07097294349197315,-0.04771712953848478
W066|AY.4|R0.3|C723,70-74,0.0,0.023960092305887432,-0.023960092305887432
W066|AY.4|R0.3|C723,00-04,0.0,0.021452756883315924,-0.021452756883315924
W066|AY.4|R0.3|C723,75+,0.0,0.05740912001138223,-0.05740912001138223
W067|AY.4|R0.3|C269,65-69,0.0,0.029372891573031603,-0.029372891573031603
W067|AY.4|R0.3|C269,45-49,0.06976744186046512,0.06799758876454136,0.0017698530959237568
W067|AY.4|R0.3|C269,20-24,0.09302325581395349,0.0868394219524767,0.006183833861476792
W067|AY.4|R0.3|C269,25-29,0.16279069767441862,0.08724254258039636,0.07554815509402225
W067|AY.4|R0.3|C269,15-19,0.0,0.0680949367799523,-0.0680949367799523
W067|AY.4|R0.3|C269,05-09,0.0,0.0543002237756303,-0.0543002237756303
W067|AY.4|R0.3|C269,35-39,0.3023255813953488,0.08474519156966187,0.21758038982568695
W067|AY.4|R0.3|C269,30-34,0.2558139534883721,0.08833084347063147,0.16748311001774063
W067|AY.4|R0.3|C269,10-14,0.0,0.06753206556264033,-0.06753206556264033
W067|AY.4|R0.3|C269,55-59,0.023255813953488372,0.06448931605530865,-0.04123350210182028
W067|AY.4|R0.3|C269,40-44,0.06976744186046512,0.07837014461172495,-0.008602702751259836
W067|AY.4|R0.3|C269,60-64,0.0,0.048889920611445384,-0.048889920611445384
W067|AY.4|R0.3|C269,50-54,0.023255813953488372,0.07097294349197315,-0.04771712953848478
W067|AY.4|R0.3|C269,70-74,0.0,0.023960092305887432,-0.023960092305887432
W067|AY.4|R0.3|C269,00-04,0.0,0.021452756883315924,-0.021452756883315924
W067|AY.4|R0.3|C269,75+,0.0,0.05740912001138223,-0.05740912001138223
W091|BA.2.23|R0.3|C90,65-69,0.0,0.029372891573031603,-0.029372891573031603
W091|BA.2.23|R0.3|C90,45-49,0.0,0.06799758876454136,-0.06799758876454136
W091|BA.2.23|R0.3|C90,20-24,0.0,0.0868394219524767,-0.0868394219524767
W091|BA.2.23|R0.3|C90,25-29,0.0,0.08724254258039636,-0.08724254258039636
W091|BA.2.23|R0.3|C90,15-19,0.5,0.0680949367799523,0.4319050632200477
W091|BA.2.23|R0.3|C90,05-09,0.0,0.0543002237756303,-0.0543002237756303
W091|BA.2.23|R0.3|C90,35-39,0.16666666666666666,0.08474519156966187,0.08192147509700479
W091|BA.2.23|R0.3|C90,30-34,0.0,0.08833084347063147,-0.08833084347063147
W091|BA.2.23|R0.3|C90,10-14,0.0,0.06753206556264033,-0.06753206556264033
W091|BA.2.23|R0.3|C90,55-59,0.0,0.06448931605530865,-0.06448931605530865
W091|BA.2.23|R0.3|C90,40-44,0.0,0.07837014461172495,-0.07837014461172495
W091|BA.2.23|R0.3|C90,60-64,0.16666666666666666,0.048889920611445384,0.11777674605522127
W091|BA.2.23|R0.3|C90,50-54,0.16666666666666666,0.07097294349197315,0.0956937231746935
W091|BA.2.23|R0.3|C90,70-74,0.0,0.023960092305887432,-0.023960092305887432
W091|BA.2.23|R0.3|C90,00-04,0.0,0.021452756883315924,-0.021452756883315924
W091|BA.2.23|R0.3|C90,75+,0.0,0.05740912001138223,-0.05740912001138223
W012|B.1.177|R0.3|C118,65-69,0.08571428571428572,0.029372891573031603,0.05634139414125411
W012|B.1.177|R0.3|C118,45-49,0.2,0.06799758876454136,0.13200241123545864
W012|B.1.177|R0.3|C118,20-24,0.02857142857142857,0.0868394219524767,-0.05826799338104813
W012|B.1.177|R0.3|C118,25-29,0.08571428571428572,0.08724254258039636,-0.0015282568661106471
W012|B.1.177|R0.3|C118,15-19,0.0,0.0680949367799523,-0.0680949367799523
W012|B.1.177|R0.3|C118,05-09,0.0,0.0543002237756303,-0.0543002237756303
W012|B.1.177|R0.3|C118,35-39,0.02857142857142857,0.08474519156966187,-0.056173762998233304
W012|B.1.177|R0.3|C118,30-34,0.0,0.08833084347063147,-0.08833084347063147
W012|B.1.177|R0.3|C118,10-14,0.02857142857142857,0.06753206556264033,-0.03896063699121176
W012|B.1.177|R0.3|C118,55-59,0.11428571428571428,0.06448931605530865,0.04979639823040563
W012|B.1.177|R0.3|C118,40-44,0.0,0.07837014461172495,-0.07837014461172495
W012|B.1.177|R0.3|C118,60-64,0.08571428571428572,0.048889920611445384,0.03682436510284033
W012|B.1.177|R0.3|C118,50-54,0.11428571428571428,0.07097294349197315,0.04331277079374113
W012|B.1.177|R0.3|C118,70-74,0.02857142857142857,0.023960092305887432,0.004611336265541138
W012|B.1.177|R0.3|C118,00-04,0.02857142857142857,0.021452756883315924,0.007118671688112647
W012|B.1.177|R0.3|C118,75+,0.17142857142857143,0.05740912001138223,0.1140194514171892
W061|AY.4|R0.3|C295,65-69,0.0,0.029372891573031603,-0.029372891573031603
W061|AY.4|R0.3|C295,45-49,0.1,0.06799758876454136,0.03200241123545865
W061|AY.4|R0.3|C295,20-24,0.2,0.0868394219524767,0.11316057804752332
W061|AY.4|R0.3|C295,25-29,0.1,0.08724254258039636,0.012757457419603643
W061|AY.4|R0.3|C295,15-19,0.0,0.0680949367799523,-0.0680949367799523
W061|AY.4|R0.3|C295,05-09,0.0,0.0543002237756303,-0.0543002237756303
W061|AY.4|R0.3|C295,35-39,0.2,0.08474519156966187,0.11525480843033814
W061|AY.4|R0.3|C295,30-34,0.0,0.08833084347063147,-0.08833084347063147
W061|AY.4|R0.3|C295,10-14,0.0,0.06753206556264033,-0.06753206556264033
W061|AY.4|R0.3|C295,55-59,0.0,0.06448931605530865,-0.06448931605530865
W061|AY.4|R0.3|C295,40-44,0.0,0.07837014461172495,-0.07837014461172495
W061|AY.4|R0.3|C295,60-64,0.0,0.048889920611445384,-0.048889920611445384
W061|AY.4|R0.3|C295,50-54,0.3,0.07097294349197315,0.22902705650802685
W061|AY.4|R0.3|C295,70-74,0.0,0.023960092305887432,-0.023960092305887432
W061|AY.4|R0.3|C295,00-04,0.0,0.021452756883315924,-0.021452756883315924
W061|AY.4|R0.3|C295,75+,0.1,0.05740912001138223,0.042590879988617776
W081|BA.1|R0.3|C818,65-69,0.25,0.029372891573031603,0.2206271084269684
W081|BA.1|R0.3|C818,45-49,0.0,0.06799758876454136,-0.06799758876454136
W081|BA.1|R0.3|C818,20-24,0.0,0.0868394219524767,-0.0868394219524767
W081|BA.1|R0.3|C818,25-29,0.125,0.08724254258039636,0.03775745741960364
W081|BA.1|R0.3|C818,15-19,0.0,0.0680949367799523,-0.0680949367799523
W081|BA.1|R0.3|C818,05-09,0.0,0.0543002237756303,-0.0543002237756303
W081|BA.1|R0.3|C818,35-39,0.0,0.08474519156966187,-0.08474519156966187
W081|BA.1|R0.3|C818,30-34,0.375,0.08833084347063147,0.28666915652936853
W081|BA.1|R0.3|C818,10-14,0.125,0.06753206556264033,0.057467934437359675
W081|BA.1|R0.3|C818,55-59,0.0,0.06448931605530865,-0.06448931605530865
W081|BA.1|R0.3|C818,40-44,0.125,0.07837014461172495,0.04662985538827505
W081|BA.1|R0.3|C818,60-64,0.0,0.048889920611445384,-0.048889920611445384
W081|BA.1|R0.3|C818,50-54,0.0,0.07097294349197315,-0.07097294349197315
W081|BA.1|R0.3|C818,70-74,0.0,0.023960092305887432,-0.023960092305887432
W081|BA.1|R0.3|C818,00-04,0.0,0.021452756883315924,-0.021452756883315924
W081|BA.1|R0.3|C818,75+,0.0,0.05740912001138223,-0.05740912001138223
W072|AY.4|R0.3|C115,65-69,0.0,0.029372891573031603,-0.029372891573031603
W072|AY.4|R0.3|C115,45-49,0.058823529411764705,0.06799758876454136,-0.009174059352776653
W072|AY.4|R0.3|C115,20-24,0.0196078431372549,0.0868394219524767,-0.06723157881522179
W072|AY.4|R0.3|C115,25-29,0.0196078431372549,0.08724254258039636,-0.06763469944314146
W072|AY.4|R0.3|C115,15-19,0.0,0.0680949367799523,-0.0680949367799523
W072|AY.4|R0.3|C115,05-09,0.27450980392156865,0.0543002237756303,0.22020958014593836
W072|AY.4|R0.3|C115,35-39,0.0392156862745098,0.08474519156966187,-0.04552950529515207
W072|AY.4|R0.3|C115,30-34,0.0392156862745098,0.08833084347063147,-0.04911515719612167
W072|AY.4|R0.3|C115,10-14,0.39215686274509803,0.06753206556264033,0.32462479718245774
W072|AY.4|R0.3|C115,55-59,0.0196078431372549,0.06448931605530865,-0.04488147291805375
W072|AY.4|R0.3|C115,40-44,0.13725490196078433,0.07837014461172495,0.058884757349059375
W072|AY.4|R0.3|C115,60-64,0.0,0.048889920611445384,-0.048889920611445384
W072|AY.4|R0.3|C115,50-54,0.0,0.07097294349197315,-0.07097294349197315
W072|AY.4|R0.3|C115,70-74,0.0,0.023960092305887432,-0.023960092305887432
W072|AY.4|R0.3|C115,00-04,0.0,0.021452756883315924,-0.021452756883315924
W072|AY.4|R0.3|C115,75+,0.0,0.05740912001138223,-0.05740912001138223
W094|BA.2|R0.3|C451,65-69,0.0,0.029372891573031603,-0.029372891573031603
W094|BA.2|R0.3|C451,45-49,0.0,0.06799758876454136,-0.06799758876454136
W094|BA.2|R0.3|C451,20-24,0.0,0.0868394219524767,-0.0868394219524767
W094|BA.2|R0.3|C451,25-29,0.8,0.08724254258039636,0.7127574574196037
W094|BA.2|R0.3|C451,15-19,0.0,0.0680949367799523,-0.0680949367799523
W094|BA.2|R0.3|C451,05-09,0.0,0.0543002237756303,-0.0543002237756303
W094|BA.2|R0.3|C451,35-39,0.0,0.08474519156966187,-0.08474519156966187
W094|BA.2|R0.3|C451,30-34,0.2,0.08833084347063147,0.11166915652936854
W094|BA.2|R0.3|C451,10-14,0.0,0.06753206556264033,-0.06753206556264033
W094|BA.2|R0.3|C451,55-59,0.0,0.06448931605530865,-0.06448931605530865
W094|BA.2|R0.3|C451,40-44,0.0,0.07837014461172495,-0.07837014461172495
W094|BA.2|R0.3|C451,60-64,0.0,0.048889920611445384,-0.048889920611445384
W094|BA.2|R0.3|C451,50-54,0.0,0.07097294349197315,-0.07097294349197315
W094|BA.2|R0.3|C451,70-74,0.0,0.023960092305887432,-0.023960092305887432
W094|BA.2|R0.3|C451,00-04,0.0,0.021452756883315924,-0.021452756883315924
W094|BA.2|R0.3|C451,75+,0.0,0.05740912001138223,-0.05740912001138223
W036|B.1.1.7|R0.3|C14,65-69,0.05,0.029372891573031603,0.0206271084269684
W036|B.1.1.7|R0.3|C14,45-49,0.05,0.06799758876454136,-0.017997588764541356
W036|B.1.1.7|R0.3|C14,20-24,0.25,0.0868394219524767,0.16316057804752332
W036|B.1.1.7|R0.3|C14,25-29,0.1,0.08724254258039636,0.012757457419603643
W036|B.1.1.7|R0.3|C14,15-19,0.0,0.0680949367799523,-0.0680949367799523
W036|B.1.1.7|R0.3|C14,05-09,0.05,0.0543002237756303,-0.004300223775630295
W036|B.1.1.7|R0.3|C14,35-39,0.05,0.08474519156966187,-0.03474519156966187
W036|B.1.1.7|R0.3|C14,30-34,0.1,0.08833084347063147,0.011669156529368535
W036|B.1.1.7|R0.3|C14,10-14,0.05,0.06753206556264033,-0.017532065562640323
W036|B.1.1.7|R0.3|C14,55-59,0.1,0.06448931605530865,0.035510683944691354
W036|B.1.1.7|R0.3|C14,40-44,0.0,0.07837014461172495,-0.07837014461172495
W036|B.1.1.7|R0.3|C14,60-64,0.15,0.048889920611445384,0.10111007938855461
W036|B.1.1.7|R0.3|C14,50-54,0.05,0.07097294349197315,-0.02097294349197315
W036|B.1.1.7|R0.3|C14,70-74,0.0,0.023960092305887432,-0.023960092305887432
W036|B.1.1.7|R0.3|C14,00-04,0.0,0.021452756883315924,-0.021452756883315924
W036|B.1.1.7|R0.3|C14,75+,0.0,0.05740912001138223,-0.05740912001138223
W038|B.1.1.7|R0.3|C387,65-69,0.0,0.029372891573031603,-0.029372891573031603
W038|B.1.1.7|R0.3|C387,45-49,0.0,0.06799758876454136,-0.06799758876454136
W038|B.1.1.7|R0.3|C387,20-24,1.0,0.0868394219524767,0.9131605780475233
W038|B.1.1.7|R0.3|C387,25-29,0.0,0.08724254258039636,-0.08724254258039636
W038|B.1.1.7|R0.3|C387,15-19,0.0,0.0680949367799523,-0.0680949367799523
W038|B.1.1.7|R0.3|C387,05-09,0.0,0.0543002237756303,-0.0543002237756303
W038|B.1.1.7|R0.3|C387,35-39,0.0,0.08474519156966187,-0.08474519156966187
W038|B.1.1.7|R0.3|C387,30-34,0.0,0.08833084347063147,-0.08833084347063147
W038|B.1.1.7|R0.3|C387,10-14,0.0,0.06753206556264033,-0.06753206556264033
W038|B.1.1.7|R0.3|C387,55-59,0.0,0.06448931605530865,-0.06448931605530865
W038|B.1.1.7|R0.3|C387,40-44,0.0,0.07837014461172495,-0.07837014461172495
W038|B.1.1.7|R0.3|C387,60-64,0.0,0.048889920611445384,-0.048889920611445384
W038|B.1.1.7|R0.3|C387,50-54,0.0,0.07097294349197315,-0.07097294349197315
W038|B.1.1.7|R0.3|C387,70-74,0.0,0.023960092305887432,-0.023960092305887432
W038|B.1.1.7|R0.3|C387,00-04,0.0,0.021452756883315924,-0.021452756883315924
W038|B.1.1.7|R0.3|C387,75+,0.0,0.05740912001138223,-0.05740912001138223
W079|BA.1.1|R0.3|C103,65-69,0.0,0.029372891573031603,-0.029372891573031603
W079|BA.1.1|R0.3|C103,45-49,0.0,0.06799758876454136,-0.06799758876454136
W079|BA.1.1|R0.3|C103,20-24,0.0,0.0868394219524767,-0.0868394219524767
W079|BA.1.1|R0.3|C103,25-29,0.125,0.08724254258039636,0.03775745741960364
W079|BA.1.1|R0.3|C103,15-19,0.0,0.0680949367799523,-0.0680949367799523
W079|BA.1.1|R0.3|C103,05-09,0.0,0.0543002237756303,-0.0543002237756303
W079|BA.1.1|R0.3|C103,35-39,0.125,0.08474519156966187,0.04025480843033813
W079|BA.1.1|R0.3|C103,30-34,0.125,0.08833084347063147,0.03666915652936853
W079|BA.1.1|R0.3|C103,10-14,0.125,0.06753206556264033,0.057467934437359675
W079|BA.1.1|R0.3|C103,55-59,0.125,0.06448931605530865,0.06051068394469135
W079|BA.1.1|R0.3|C103,40-44,0.125,0.07837014461172495,0.04662985538827505
W079|BA.1.1|R0.3|C103,60-64,0.0,0.048889920611445384,-0.048889920611445384
W079|BA.1.1|R0.3|C103,50-54,0.125,0.07097294349197315,0.05402705650802685
W079|BA.1.1|R0.3|C103,70-74,0.0,0.023960092305887432,-0.023960092305887432
W079|BA.1.1|R0.3|C103,00-04,0.0,0.021452756883315924,-0.021452756883315924
W079|BA.1.1|R0.3|C103,75+,0.125,0.05740912001138223,0.06759087998861776
W010|B.1.177|R0.3|C15,65-69,0.0,0.029372891573031603,-0.029372891573031603
W010|B.1.177|R0.3|C15,45-49,0.02877697841726619,0.06799758876454136,-0.03922061034727517
W010|B.1.177|R0.3|C15,20-24,0.17985611510791366,0.0868394219524767,0.09301669315543697
W010|B.1.177|R0.3|C15,25-29,0.03597122302158273,0.08724254258039636,-0.05127131955881363
W010|B.1.177|R0.3|C15,15-19,0.6474820143884892,0.0680949367799523,0.5793870776085369
W010|B.1.177|R0.3|C15,05-09,0.0,0.0543002237756303,-0.0543002237756303
W010|B.1.177|R0.3|C15,35-39,0.007194244604316547,0.08474519156966187,-0.07755094696534533
W010|B.1.177|R0.3|C15,30-34,0.03597122302158273,0.08833084347063147,-0.05235962044904874
W010|B.1.177|R0.3|C15,10-14,0.0,0.06753206556264033,-0.06753206556264033
W010|B.1.177|R0.3|C15,55-59,0.02877697841726619,0.06448931605530865,-0.03571233763804246
W010|B.1.177|R0.3|C15,40-44,0.02877697841726619,0.07837014461172495,-0.04959316619445876
W010|B.1.177|R0.3|C15,60-64,0.007194244604316547,0.048889920611445384,-0.04169567600712884
W010|B.1.177|R0.3|C15,50-54,0.0,0.07097294349197315,-0.07097294349197315
W010|B.1.177|R0.3|C15,70-74,0.0,0.023960092305887432,-0.023960092305887432
W010|B.1.177|R0.3|C15,00-04,0.0,0.021452756883315924,-0.021452756883315924
W010|B.1.177|R0.3|C15,75+,0.0,0.05740912001138223,-0.05740912001138223
W010|B.1|R0.3|C3,65-69,0.0,0.029372891573031603,-0.029372891573031603
W010|B.1|R0.3|C3,45-49,0.0,0.06799758876454136,-0.06799758876454136
W010|B.1|R0.3|C3,20-24,0.05042016806722689,0.0868394219524767,-0.0364192538852498
W010|B.1|R0.3|C3,25-29,0.05042016806722689,0.08724254258039636,-0.03682237451316947
W010|B.1|R0.3|C3,15-19,0.8403361344537815,0.0680949367799523,0.7722411976738293
W010|B.1|R0.3|C3,05-09,0.0,0.0543002237756303,-0.0543002237756303
W010|B.1|R0.3|C3,35-39,0.008403361344537815,0.08474519156966187,-0.07634183022512406
W010|B.1|R0.3|C3,30-34,0.01680672268907563,0.08833084347063147,-0.07152412078155584
W010|B.1|R0.3|C3,10-14,0.008403361344537815,0.06753206556264033,-0.05912870421810251
W010|B.1|R0.3|C3,55-59,0.008403361344537815,0.06448931605530865,-0.05608595471077084
W010|B.1|R0.3|C3,40-44,0.008403361344537815,0.07837014461172495,-0.06996678326718714
W010|B.1|R0.3|C3,60-64,0.008403361344537815,0.048889920611445384,-0.04048655926690757
W010|B.1|R0.3|C3,50-54,0.0,0.07097294349197315,-0.07097294349197315
W010|B.1|R0.3|C3,70-74,0.0,0.023960092305887432,-0.023960092305887432
W010|B.1|R0.3|C3,00-04,0.0,0.021452756883315924,-0.021452756883315924
W010|B.1|R0.3|C3,75+,0.0,0.05740912001138223,-0.05740912001138223
W097|BA.2|R0.3|C480,65-69,0.0,0.029372891573031603,-0.029372891573031603
W097|BA.2|R0.3|C480,45-49,0.0,0.06799758876454136,-0.06799758876454136
W097|BA.2|R0.3|C480,20-24,0.0,0.0868394219524767,-0.0868394219524767
W097|BA.2|R0.3|C480,25-29,0.0,0.08724254258039636,-0.08724254258039636
W097|BA.2|R0.3|C480,15-19,0.0,0.0680949367799523,-0.0680949367799523
W097|BA.2|R0.3|C480,05-09,0.0,0.0543002237756303,-0.0543002237756303
W097|BA.2|R0.3|C480,35-39,0.2,0.08474519156966187,0.11525480843033814
W097|BA.2|R0.3|C480,30-34,0.0,0.08833084347063147,-0.08833084347063147
W097|BA.2|R0.3|C480,10-14,0.0,0.06753206556264033,-0.06753206556264033
W097|BA.2|R0.3|C480,55-59,0.0,0.06448931605530865,-0.06448931605530865
W097|BA.2|R0.3|C480,40-44,0.0,0.07837014461172495,-0.07837014461172495
W097|BA.2|R0.3|C480,60-64,0.0,0.048889920611445384,-0.048889920611445384
W097|BA.2|R0.3|C480,50-54,0.2,0.07097294349197315,0.12902705650802687
W097|BA.2|R0.3|C480,70-74,0.4,0.023960092305887432,0.3760399076941126
W097|BA.2|R0.3|C480,00-04,0.0,0.021452756883315924,-0.021452756883315924
W097|BA.2|R0.3|C480,75+,0.2,0.05740912001138223,0.14259087998861777
W027|B.1.1.7|R0.3|C5,65-69,0.0,0.029372891573031603,-0.029372891573031603
W027|B.1.1.7|R0.3|C5,45-49,0.09090909090909091,0.06799758876454136,0.022911502144549553
W027|B.1.1.7|R0.3|C5,20-24,0.0,0.0868394219524767,-0.0868394219524767
W027|B.1.1.7|R0.3|C5,25-29,0.0,0.08724254258039636,-0.08724254258039636
W027|B.1.1.7|R0.3|C5,15-19,0.18181818181818182,0.0680949367799523,0.11372324503822952
W027|B.1.1.7|R0.3|C5,05-09,0.09090909090909091,0.0543002237756303,0.036608867133460614
W027|B.1.1.7|R0.3|C5,35-39,0.09090909090909091,0.08474519156966187,0.006163899339429041
W027|B.1.1.7|R0.3|C5,30-34,0.0,0.08833084347063147,-0.08833084347063147
W027|B.1.1.7|R0.3|C5,10-14,0.09090909090909091,0.06753206556264033,0.023377025346450586
W027|B.1.1.7|R0.3|C5,55-59,0.09090909090909091,0.06448931605530865,0.02641977485378226
W027|B.1.1.7|R0.3|C5,40-44,0.0,0.07837014461172495,-0.07837014461172495
W027|B.1.1.7|R0.3|C5,60-64,0.09090909090909091,0.048889920611445384,0.04201917029764553
W027|B.1.1.7|R0.3|C5,50-54,0.09090909090909091,0.07097294349197315,0.01993614741711776
W027|B.1.1.7|R0.3|C5,70-74,0.09090909090909091,0.023960092305887432,0.06694899860320348
W027|B.1.1.7|R0.3|C5,00-04,0.09090909090909091,0.021452756883315924,0.06945633402577499
W027|B.1.1.7|R0.3|C5,75+,0.0,0.05740912001138223,-0.05740912001138223
W010|AD.2|R0.3|C5,65-69,0.0,0.029372891573031603,-0.029372891573031603
W010|AD.2|R0.3|C5,45-49,0.0,0.06799758876454136,-0.06799758876454136
W010|AD.2|R0.3|C5,20-24,0.05660377358490566,0.0868394219524767,-0.030235648367571033
W010|AD.2|R0.3|C5,25-29,0.018867924528301886,0.08724254258039636,-0.06837461805209448
W010|AD.2|R0.3|C5,15-19,0.8867924528301887,0.0680949367799523,0.8186975160502364
W010|AD.2|R0.3|C5,05-09,0.018867924528301886,0.0543002237756303,-0.03543229924732841
W010|AD.2|R0.3|C5,35-39,0.0,0.08474519156966187,-0.08474519156966187
W010|AD.2|R0.3|C5,30-34,0.0,0.08833084347063147,-0.08833084347063147
W010|AD.2|R0.3|C5,10-14,0.0,0.06753206556264033,-0.06753206556264033
W010|AD.2|R0.3|C5,55-59,0.0,0.06448931605530865,-0.06448931605530865
W010|AD.2|R0.3|C5,40-44,0.018867924528301886,0.07837014461172495,-0.05950222008342307
W010|AD.2|R0.3|C5,60-64,0.0,0.048889920611445384,-0.048889920611445384
W010|AD.2|R0.3|C5,50-54,0.0,0.07097294349197315,-0.07097294349197315
W010|AD.2|R0.3|C5,70-74,0.0,0.023960092305887432,-0.023960092305887432
W010|AD.2|R0.3|C5,00-04,0.0,0.021452756883315924,-0.021452756883315924
W010|AD.2|R0.3|C5,75+,0.0,0.05740912001138223,-0.05740912001138223
W069|AY.4|R0.3|C63,65-69,0.01098901098901099,0.029372891573031603,-0.018383880584020615
W069|AY.4|R0.3|C63,45-49,0.08791208791208792,0.06799758876454136,0.01991449914754656
W069|AY.4|R0.3|C63,20-24,0.08791208791208792,0.0868394219524767,0.0010726659596112242
W069|AY.4|R0.3|C63,25-29,0.10989010989010989,0.08724254258039636,0.022647567309713526
W069|AY.4|R0.3|C63,15-19,0.0,0.0680949367799523,-0.0680949367799523
W069|AY.4|R0.3|C63,05-09,0.0,0.0543002237756303,-0.0543002237756303
W069|AY.4|R0.3|C63,35-39,0.15384615384615385,0.08474519156966187,0.06910096227649198
W069|AY.4|R0.3|C63,30-34,0.25274725274725274,0.08833084347063147,0.16441640927662127
W069|AY.4|R0.3|C63,10-14,0.0,0.06753206556264033,-0.06753206556264033
W069|AY.4|R0.3|C63,55-59,0.04395604395604396,0.06448931605530865,-0.020533272099264692
W069|AY.4|R0.3|C63,40-44,0.10989010989010989,0.07837014461172495,0.03151996527838494
W069|AY.4|R0.3|C63,60-64,0.0,0.048889920611445384,-0.048889920611445384
W069|AY.4|R0.3|C63,50-54,0.12087912087912088,0.07097294349197315,0.04990617738714773
W069|AY.4|R0.3|C63,70-74,0.01098901098901099,0.023960092305887432,-0.012971081316876442
W069|AY.4|R0.3|C63,00-04,0.0,0.021452756883315924,-0.021452756883315924
W069|AY.4|R0.3|C63,75+,0.01098901098901099,0.05740912001138223,-0.04642010902237124
W070|AY.4|R0.3|C197,65-69,0.16666666666666666,0.029372891573031603,0.13729377509363505
W070|AY.4|R0.3|C197,45-49,0.16666666666666666,0.06799758876454136,0.0986690779021253
W070|AY.4|R0.3|C197,20-24,0.0,0.0868394219524767,-0.0868394219524767
W070|AY.4|R0.3|C197,25-29,0.0,0.08724254258039636,-0.08724254258039636
W070|AY.4|R0.3|C197,15-19,0.16666666666666666,0.0680949367799523,0.09857172988671435
W070|AY.4|R0.3|C197,05-09,0.0,0.0543002237756303,-0.0543002237756303
W070|AY.4|R0.3|C197,35-39,0.16666666666666666,0.08474519156966187,0.08192147509700479
W070|AY.4|R0.3|C197,30-34,0.0,0.08833084347063147,-0.08833084347063147
W070|AY.4|R0.3|C197,10-14,0.0,0.06753206556264033,-0.06753206556264033
W070|AY.4|R0.3|C197,55-59,0.0,0.06448931605530865,-0.06448931605530865
W070|AY.4|R0.3|C197,40-44,0.16666666666666666,0.07837014461172495,0.0882965220549417
W070|AY.4|R0.3|C197,60-64,0.0,0.048889920611445384,-0.048889920611445384
W070|AY.4|R0.3|C197,50-54,0.16666666666666666,0.07097294349197315,0.0956937231746935
W070|AY.4|R0.3|C197,70-74,0.0,0.023960092305887432,-0.023960092305887432
W070|AY.4|R0.3|C197,00-04,0.0,0.021452756883315924,-0.021452756883315924
W070|AY.4|R0.3|C197,75+,0.0,0.05740912001138223,-0.05740912001138223
W033|B.1.1.7|R0.3|C71,65-69,0.0,0.029372891573031603,-0.029372891573031603
W033|B.1.1.7|R0.3|C71,45-49,0.16666666666666666,0.06799758876454136,0.0986690779021253
W033|B.1.1.7|R0.3|C71,20-24,0.08333333333333333,0.0868394219524767,-0.003506088619143366
W033|B.1.1.7|R0.3|C71,25-29,0.0,0.08724254258039636,-0.08724254258039636
W033|B.1.1.7|R0.3|C71,15-19,0.08333333333333333,0.0680949367799523,0.015238396553381023
W033|B.1.1.7|R0.3|C71,05-09,0.08333333333333333,0.0543002237756303,0.02903310955770303
W033|B.1.1.7|R0.3|C71,35-39,0.0,0.08474519156966187,-0.08474519156966187
W033|B.1.1.7|R0.3|C71,30-34,0.0,0.08833084347063147,-0.08833084347063147
W033|B.1.1.7|R0.3|C71,10-14,0.08333333333333333,0.06753206556264033,0.015801267770693003
W033|B.1.1.7|R0.3|C71,55-59,0.0,0.06448931605530865,-0.06448931605530865
W033|B.1.1.7|R0.3|C71,40-44,0.08333333333333333,0.07837014461172495,0.0049631887216083775
W033|B.1.1.7|R0.3|C71,60-64,0.08333333333333333,0.048889920611445384,0.034443412721887945
W033|B.1.1.7|R0.3|C71,50-54,0.08333333333333333,0.07097294349197315,0.012360389841360175
W033|B.1.1.7|R0.3|C71,70-74,0.08333333333333333,0.023960092305887432,0.0593732410274459
W033|B.1.1.7|R0.3|C71,00-04,0.08333333333333333,0.021452756883315924,0.061880576450017405
W033|B.1.1.7|R0.3|C71,75+,0.08333333333333333,0.05740912001138223,0.0259242133219511
W091|BA.1.1|R0.3|C195,65-69,0.0,0.029372891573031603,-0.029372891573031603
W091|BA.1.1|R0.3|C195,45-49,0.0,0.06799758876454136,-0.06799758876454136
W091|BA.1.1|R0.3|C195,20-24,0.0,0.0868394219524767,-0.0868394219524767
W091|BA.1.1|R0.3|C195,25-29,0.0,0.08724254258039636,-0.08724254258039636
W091|BA.1.1|R0.3|C195,15-19,0.0,0.0680949367799523,-0.0680949367799523
W091|BA.1.1|R0.3|C195,05-09,0.0,0.0543002237756303,-0.0543002237756303
W091|BA.1.1|R0.3|C195,35-39,0.0,0.08474519156966187,-0.08474519156966187
W091|BA.1.1|R0.3|C195,30-34,0.0,0.08833084347063147,-0.08833084347063147
W091|BA.1.1|R0.3|C195,10-14,0.0,0.06753206556264033,-0.06753206556264033
W091|BA.1.1|R0.3|C195,55-59,0.0,0.06448931605530865,-0.06448931605530865
W091|BA.1.1|R0.3|C195,40-44,0.0,0.07837014461172495,-0.07837014461172495
W091|BA.1.1|R0.3|C195,60-64,0.0,0.048889920611445384,-0.048889920611445384
W091|BA.1.1|R0.3|C195,50-54,0.0,0.07097294349197315,-0.07097294349197315
W091|BA.1.1|R0.3|C195,70-74,0.0,0.023960092305887432,-0.023960092305887432
W091|BA.1.1|R0.3|C195,00-04,0.0,0.021452756883315924,-0.021452756883315924
W091|BA.1.1|R0.3|C195,75+,1.0,0.05740912001138223,0.9425908799886178
