cluster_id,Ayrshire and Arran,Borders,Dumfries and Galloway,Fife,Forth Valley,Grampian,Greater Glasgow and Clyde,Highland,Lanarkshire,Lothian,Orkney,Shetland,Tayside,Western Isles
W001|B.1.1.406|R0.3|C1,-0.031639308486767895,-0.017879585497142587,-0.024047455909461352,-0.0683408029214389,-0.05926996476750673,-0.08869402645120306,0.11854287137064401,-0.04680567464046757,0.4397004819083349,-0.13823413731026718,-0.0031238728535074615,-0.00301279627182062,-0.07594518058680884,-0.0012505475825866864
W003|B.1.177|R0.3|C3,-0.06735359420105361,-0.017879585497142587,-0.024047455909461352,-0.0683408029214389,-0.05926996476750673,-0.08869402645120306,0.7614000142277868,-0.04680567464046757,-0.13172808952023654,-0.1739484230245529,-0.0031238728535074615,-0.00301279627182062,-0.07594518058680884,-0.0012505475825866864
W004|B.1.1.269|R0.3|C2,-0.06735359420105361,-0.017879585497142587,-0.024047455909461352,-0.0683408029214389,-0.05926996476750673,-0.08869402645120306,0.36140001422778684,-0.04680567464046757,0.2682719104797635,-0.1739484230245529,-0.0031238728535074615,-0.00301279627182062,-0.07594518058680884,-0.0012505475825866864
W004|B.1.1.406|R0.3|C1,0.0040749772275178175,-0.017879585497142587,-0.024047455909461352,-0.0683408029214389,-0.05926996476750673,-0.08869402645120306,0.618542871370644,-0.04680567464046757,-0.060299518091665116,-0.1739484230245529,-0.0031238728535074615,-0.00301279627182062,-0.07594518058680884,-0.0012505475825866864
W005|AD.2|R0.3|C14,-0.011798038645498055,-0.017879585497142587,-0.024047455909461352,-0.0683408029214389,-0.05926996476750673,0.7446393068821303,-0.1830444302166576,-0.04680567464046757,-0.13172808952023654,-0.1739484230245529,-0.0031238728535074615,-0.00301279627182062,-0.020389625031253286,-0.0012505475825866864
W006|B.1.441|R0.3|C1,0.2659797391322797,-0.017879585497142587,-0.024047455909461352,-0.0683408029214389,-0.05926996476750673,-0.08869402645120306,0.4280666808944535,-0.04680567464046757,-0.13172808952023654,-0.1739484230245529,-0.0031238728535074615,-0.00301279627182062,-0.07594518058680884,-0.0012505475825866864
W010|B.1|R0.3|C3,-0.05054687151197798,0.032540582570084305,-0.007240733220385723,-0.026323996198749824,0.007956925988795785,0.0037429483387129148,0.09753446800929949,0.0036144934267593187,-0.07290456010847184,0.0529423332779681,0.013682849835568167,-0.00301279627182062,-0.05073509655319539,-0.0012505475825866864
W024|B.1.1.7|R0.3|C3,-0.06735359420105361,-0.017879585497142587,-0.024047455909461352,-0.0683408029214389,0.10739670189915992,-0.08869402645120306,-0.23859998577221314,-0.04680567464046757,0.7016052438130969,-0.1739484230245529,-0.0031238728535074615,-0.00301279627182062,-0.07594518058680884,-0.0012505475825866864
W033|B.1.1.7|R0.3|C71,-0.06735359420105361,-0.017879585497142587,-0.024047455909461352,-0.0683408029214389,-0.05926996476750673,-0.08869402645120306,-0.23859998577221314,-0.04680567464046757,-0.13172808952023654,0.7427182436421137,-0.0031238728535074615,-0.00301279627182062,0.00738815274652449,-0.0012505475825866864
W036|B.1.1.7|R0.3|C27,-0.06735359420105361,-0.017879585497142587,-0.024047455909461352,-0.0683408029214389,-0.05926996476750673,-0.08869402645120306,0.5165020550441133,-0.04680567464046757,0.11316986966343692,-0.1739484230245529,-0.0031238728535074615,-0.00301279627182062,-0.07594518058680884,-0.0012505475825866864
W036|B.1.1.7|R0.3|C578,-0.06735359420105361,-0.017879585497142587,-0.024047455909461352,-0.0683408029214389,-0.05926996476750673,-0.08869402645120306,0.7614000142277868,-0.04680567464046757,-0.13172808952023654,-0.1739484230245529,-0.0031238728535074615,-0.00301279627182062,-0.07594518058680884,-0.0012505475825866864
W037|B.1.1.7|R0.3|C431,-0.06735359420105361,-0.017879585497142587,-0.024047455909461352,0.7498410152603794,0.03163912614158418,-0.08869402645120306,-0.23859998577221314,0.04410341626862334,-0.13172808952023654,-0.1739484230245529,-0.0031238728535074615,-0.00301279627182062,-0.07594518058680884,-0.0012505475825866864
W037|B.1.1.7|R0.3|C9,0.33264640579894644,-0.017879585497142587,-0.024047455909461352,-0.0683408029214389,-0.046769964767506736,0.3238059735487969,-0.22609998577221313,-0.021805674640467572,-0.13172808952023654,-0.1614484230245529,-0.0031238728535074615,0.12198720372817938,-0.07594518058680884,-0.0012505475825866864
W038|B.1.1.7|R0.3|C273,-0.06735359420105361,-0.017879585497142587,-0.024047455909461352,0.8205480859674499,0.05184114634360437,-0.08869402645120306,-0.23859998577221314,-0.04680567464046757,-0.13172808952023654,-0.1739484230245529,-0.0031238728535074615,-0.00301279627182062,-0.07594518058680884,-0.0012505475825866864
W038|B.1.1.7|R0.3|C88,-0.06735359420105361,-0.017879585497142587,-0.024047455909461352,-0.0683408029214389,-0.05926996476750673,-0.08869402645120306,0.7614000142277868,-0.04680567464046757,-0.13172808952023654,-0.1739484230245529,-0.0031238728535074615,-0.00301279627182062,-0.07594518058680884,-0.0012505475825866864
W039|B.1.1.7|R0.3|C1,-0.06735359420105361,-0.017879585497142587,-0.024047455909461352,-0.045613530194166176,0.9180027625052205,-0.08869402645120306,-0.23859998577221314,-0.04680567464046757,-0.13172808952023654,-0.1739484230245529,-0.0031238728535074615,-0.00301279627182062,-0.07594518058680884,-0.0012505475825866864
W040|B.1.1.7|R0.3|C301,-0.06735359420105361,-0.017879585497142587,-0.024047455909461352,0.0316591970785611,0.14073003523249328,-0.08869402645120306,-0.13859998577221314,-0.04680567464046757,0.46827191047976346,-0.1739484230245529,-0.0031238728535074615,-0.00301279627182062,-0.07594518058680884,-0.0012505475825866864
W040|B.1.1.7|R0.3|C64,-0.06735359420105361,-0.017879585497142587,-0.024047455909461352,-0.0683408029214389,-0.05926996476750673,0.9113059735487969,-0.23859998577221314,-0.04680567464046757,-0.13172808952023654,-0.1739484230245529,-0.0031238728535074615,-0.00301279627182062,-0.07594518058680884,-0.0012505475825866864
W041|B.1.1.7|R0.3|C140,-0.06735359420105361,-0.017879585497142587,-0.024047455909461352,-0.0683408029214389,-0.032954175293822524,-0.08869402645120306,-0.23859998577221314,-0.04680567464046757,-0.13172808952023654,-0.1739484230245529,-0.0031238728535074615,-0.00301279627182062,0.8977390299395069,-0.0012505475825866864
W041|B.1.1.7|R0.3|C50,-0.06735359420105361,-0.017879585497142587,-0.024047455909461352,0.0316591970785611,0.14073003523249328,-0.08869402645120306,-0.13859998577221314,-0.04680567464046757,0.46827191047976346,-0.1739484230245529,-0.0031238728535074615,-0.00301279627182062,-0.07594518058680884,-0.0012505475825866864
W042|B.1.1.7|R0.3|C34,-0.06735359420105361,-0.017879585497142587,-0.024047455909461352,-0.0683408029214389,-0.032954175293822524,-0.08869402645120306,-0.23859998577221314,-0.04680567464046757,-0.13172808952023654,-0.1739484230245529,-0.0031238728535074615,-0.00301279627182062,0.8977390299395069,-0.0012505475825866864
W043|B.1.1.7|R0.3|C89,-0.06735359420105361,-0.017879585497142587,-0.024047455909461352,0.681659197078561,-0.05926996476750673,-0.08869402645120306,-0.03859998577221313,-0.021805674640467572,-0.10672808952023655,-0.1739484230245529,-0.0031238728535074615,-0.00301279627182062,-0.07594518058680884,-0.0012505475825866864
W048|AY.4|R0.3|C1,0.04544640579894639,-0.014279585497142588,-0.018847455909461353,-0.0479408029214389,-0.01046996476750673,-0.07229402645120306,0.09180001422778689,-0.04000567464046757,-0.014528089520236542,-0.019948423024552908,-0.0031238728535074615,-0.00301279627182062,0.10765481941319117,-0.0004505475825866864
W050|AY.4|R0.3|C87,-0.0370505638980233,-0.017879585497142587,-0.024047455909461352,-0.0683408029214389,0.21345730795976597,-0.08869402645120306,-0.026478773651001014,-0.01650264433743727,-0.13172808952023654,0.28059703152090165,-0.0031238728535074615,-0.00301279627182062,-0.07594518058680884,-0.0012505475825866864
W052|AY.4|R0.3|C58,-0.06735359420105361,-0.017879585497142587,-0.024047455909461352,-0.0683408029214389,-0.05926996476750673,-0.08869402645120306,-0.23859998577221314,-0.04680567464046757,0.2682719104797635,0.42605157697544704,-0.0031238728535074615,-0.00301279627182062,-0.07594518058680884,-0.0012505475825866864
W053|AY.4.2|R0.3|C3,-0.06735359420105361,-0.017879585497142587,-0.024047455909461352,-0.0683408029214389,-0.05926996476750673,-0.08869402645120306,0.7614000142277868,-0.04680567464046757,-0.13172808952023654,-0.1739484230245529,-0.0031238728535074615,-0.00301279627182062,-0.07594518058680884,-0.0012505475825866864
W063|AY.4.2.2|R0.3|C83,-0.06735359420105361,-0.017879585497142587,-0.024047455909461352,-0.0683408029214389,-0.05926996476750673,-0.08869402645120306,0.7614000142277868,-0.04680567464046757,-0.13172808952023654,-0.1739484230245529,-0.0031238728535074615,-0.00301279627182062,-0.07594518058680884,-0.0012505475825866864
W063|AY.4.2.2|R0.3|C87,-0.06735359420105361,-0.017879585497142587,-0.024047455909461352,-0.0683408029214389,-0.05926996476750673,-0.08869402645120306,0.7614000142277868,-0.04680567464046757,-0.13172808952023654,-0.1739484230245529,-0.0031238728535074615,-0.00301279627182062,-0.07594518058680884,-0.0012505475825866864
W064|AY.5|R0.3|C87,-0.06735359420105361,-0.017879585497142587,-0.024047455909461352,0.06499253041189443,0.007396701899159933,-0.08869402645120306,-0.10526665243887981,-0.04680567464046757,-0.13172808952023654,0.09271824364211376,-0.0031238728535074615,0.3303205370615127,-0.009278513920142173,-0.0012505475825866864
W065|AY.4|R0.3|C952,-0.06735359420105361,-0.017879585497142587,-0.024047455909461352,-0.0683408029214389,-0.05926996476750673,-0.08869402645120306,-0.07580928809779452,-0.04680567464046757,0.2403649337355774,0.2446562281382378,-0.0031238728535074615,-0.00301279627182062,-0.029433552679832095,-0.0012505475825866864
W066|AY.4|R0.3|C723,-0.06735359420105361,-0.017879585497142587,-0.024047455909461352,-0.0683408029214389,-0.05926996476750673,-0.08869402645120306,-0.07580928809779452,-0.04680567464046757,0.2403649337355774,0.2446562281382378,-0.0031238728535074615,-0.00301279627182062,-0.029433552679832095,-0.0012505475825866864
W067|AY.4|R0.3|C269,-0.06735359420105361,-0.017879585497142587,-0.024047455909461352,-0.0683408029214389,-0.05926996476750673,-0.08869402645120306,-0.07580928809779452,-0.04680567464046757,0.2403649337355774,0.2446562281382378,-0.0031238728535074615,-0.00301279627182062,-0.029433552679832095,-0.0012505475825866864
W069|AY.4|R0.3|C63,-0.056364583212042615,0.03706546944791236,-0.024047455909461352,-0.035373769954405936,-0.03729194278948475,-0.05572699348417009,-0.1836549308271582,-0.04680567464046757,-0.09876105655320358,0.5623153132391834,-0.0031238728535074615,-0.00301279627182062,-0.053967158608786855,-0.0012505475825866864
W070|AY.4|R0.3|C197,-0.06735359420105361,-0.017879585497142587,-0.024047455909461352,-0.0683408029214389,-0.05926996476750673,0.0779726402154636,-0.07193331910554648,0.2865276586928657,-0.13172808952023654,-0.1739484230245529,-0.0031238728535074615,0.3303205370615127,-0.07594518058680884,-0.0012505475825866864
W071|AY.3|R0.3|C9,-0.06735359420105361,-0.017879585497142587,-0.024047455909461352,-0.0683408029214389,-0.05926996476750673,-0.08869402645120306,0.7614000142277868,-0.04680567464046757,-0.13172808952023654,-0.1739484230245529,-0.0031238728535074615,-0.00301279627182062,-0.07594518058680884,-0.0012505475825866864
W071|AY.4.2.1|R0.3|C32,-0.06735359420105361,-0.017879585497142587,-0.024047455909461352,-0.0683408029214389,-0.05926996476750673,0.9113059735487969,-0.23859998577221314,-0.04680567464046757,-0.13172808952023654,-0.1739484230245529,-0.0031238728535074615,-0.00301279627182062,-0.07594518058680884,-0.0012505475825866864
W071|AY.4|R0.3|C212,-0.06735359420105361,-0.017879585497142587,-0.024047455909461352,-0.0683408029214389,0.10739670189915992,-0.08869402645120306,-0.23859998577221314,-0.04680567464046757,0.7016052438130969,-0.1739484230245529,-0.0031238728535074615,-0.00301279627182062,-0.07594518058680884,-0.0012505475825866864
W071|AY.4|R0.3|C454,-0.06735359420105361,-0.017879585497142587,-0.024047455909461352,-0.0683408029214389,-0.05926996476750673,-0.08869402645120306,-0.23859998577221314,-0.04680567464046757,-0.13172808952023654,0.8260515769754471,-0.0031238728535074615,-0.00301279627182062,-0.07594518058680884,-0.0012505475825866864
W072|AY.4|R0.3|C115,-0.06735359420105361,-0.017879585497142587,-0.024047455909461352,-0.0683408029214389,0.9211221920952384,-0.08869402645120306,-0.23859998577221314,-0.04680567464046757,-0.11212024638298164,-0.1739484230245529,-0.0031238728535074615,-0.00301279627182062,-0.07594518058680884,-0.0012505475825866864
W075|BA.1|R0.3|C4,0.01589409336318072,-0.004518845517697573,-0.012742214388392493,-0.033911203743638284,-0.004799255620538595,-0.06351417033609515,0.08976589295337783,-0.0031263323999742507,0.04196153021254867,0.007963190541736914,-0.0026099982389134226,-0.0004434231988504249,-0.029182590658751284,-0.0007366729679926474
W077|BA.1|R0.3|C10,-0.0029396554470937364,0.004999682366285781,0.01361533888110535,-0.016246469940094307,0.00549596272281358,-0.020760200333638817,0.053198676670588696,0.001416782240912219,0.02561087563287856,-0.06659185843461979,-0.0017159179080657157,-0.0012528525900184378,0.005716206248812417,-0.0005465701098658135
W078|BA.1|R0.3|C1,0.0037452054296019804,0.005204440356966371,0.0013449725300585004,-0.019402668110727918,0.004441946589833989,-0.01759522682054747,0.04902697636998443,0.0035175017214899504,0.026628327838950888,-0.06129837685650119,-0.0026621923364252825,-0.0016277547205740827,0.009004034556312115,-0.0003271865484223282
W079|BA.1.15|R0.3|C117,-0.027031013555892318,-0.0017505532390780718,-0.002542079565375329,0.014992530411894425,-0.018947384122345444,0.11291887677460338,-0.03967525458941745,-0.0226121262533708,0.051067609404494646,-0.02072261657294,-0.0031238728535074615,-0.00301279627182062,-0.0383107719846583,-0.0012505475825866864
W080|BA.1.15|R0.3|C1,-0.024315619517509303,-0.005221357649041322,0.001268999786741179,0.015203500876029452,-0.018763635653582682,0.10117939127031594,-0.0411316313418334,-0.024020864513885295,0.05561368263166219,-0.014454752138476967,-0.0031238728535074615,-0.00301279627182062,-0.03797049704250504,-0.0012505475825866864
W080|BA.1.15|R0.3|C227,-0.06735359420105361,-0.017879585497142587,-0.024047455909461352,-0.0683408029214389,-0.05926996476750673,-0.08869402645120306,0.7614000142277868,-0.04680567464046757,-0.13172808952023654,-0.1739484230245529,-0.0031238728535074615,-0.00301279627182062,-0.07594518058680884,-0.0012505475825866864
W080|BA.1|R0.3|C1,-0.00023950024132206316,-0.003617840530699634,0.027965966909330595,-0.004582413659693932,0.033011914427124145,-0.0014457043035520506,0.013077866576780173,0.008563452876310954,0.0008222460502332607,-0.05230412772253948,-0.001446020504514173,-0.0021738700973239758,-0.016381422197547096,-0.0012505475825866864
W080|BA.2.23|R0.3|C1,-0.06735359420105361,-0.017879585497142587,-0.024047455909461352,-0.0683408029214389,-0.05926996476750673,-0.08869402645120306,-0.23859998577221314,-0.04680567464046757,-0.13172808952023654,0.8260515769754471,-0.0031238728535074615,-0.00301279627182062,-0.07594518058680884,-0.0012505475825866864
W082|BA.1.1|R0.3|C1197,-0.06735359420105361,-0.017879585497142587,-0.024047455909461352,-0.0683408029214389,-0.05926996476750673,-0.08869402645120306,-0.23859998577221314,-0.04680567464046757,0.8682719104797635,-0.1739484230245529,-0.0031238728535074615,-0.00301279627182062,-0.07594518058680884,-0.0012505475825866864
W082|BA.2|R0.3|C152,-0.06735359420105361,-0.017879585497142587,-0.024047455909461352,0.09832586374522775,-0.05926996476750673,0.24463930688213026,-0.07193331910554648,-0.04680567464046757,-0.13172808952023654,0.1593849103087804,-0.0031238728535074615,-0.00301279627182062,-0.07594518058680884,-0.0012505475825866864
W084|BA.1.1.15|R0.3|C52,-0.06735359420105361,-0.017879585497142587,-0.006904598766604209,-0.05119794577858176,-0.013555679053221019,-0.031551169308345915,-0.21002855720078456,0.3760514682166753,-0.05172808952023654,-0.0939484230245529,-0.0031238728535074615,-0.00301279627182062,-0.04737375201538027,0.22160659527455617
W085|BA.1.1.15|R0.3|C73,-0.06735359420105361,-0.017879585497142587,-0.005865637727643171,-0.05015898473962072,-0.02290632840387037,0.0385787008215242,-0.12950907668130407,0.1895579617231688,-0.11354627133841835,-0.10122115029728018,-0.0031238728535074615,-0.00301279627182062,-0.05776336240499066,0.34420399787195877
W085|BA.1.13|R0.3|C1,0.2659797391322797,-0.017879585497142587,-0.024047455909461352,-0.0683408029214389,-0.05926996476750673,-0.08869402645120306,0.22806668089445353,-0.04680567464046757,0.0016052438130967905,-0.1739484230245529,-0.0031238728535074615,-0.00301279627182062,-0.009278513920142173,-0.0012505475825866864
W086|BA.1.1|R0.3|C530,0.33264640579894644,-0.017879585497142587,-0.024047455909461352,-0.0683408029214389,0.14073003523249328,-0.08869402645120306,-0.23859998577221314,-0.04680567464046757,-0.13172808952023654,-0.1739484230245529,-0.0031238728535074615,-0.00301279627182062,-0.07594518058680884,0.39874945241741333
W086|BA.1.1|R0.3|C553,0.5576464057989464,-0.017879585497142587,-0.024047455909461352,-0.0683408029214389,-0.05926996476750673,-0.08869402645120306,-0.11359998577221314,-0.04680567464046757,0.11827191047976346,-0.1739484230245529,-0.0031238728535074615,-0.00301279627182062,-0.07594518058680884,-0.0012505475825866864
W093|BA.2|R0.3|C1564,-0.06735359420105361,-0.017879585497142587,-0.024047455909461352,-0.0683408029214389,0.14073003523249328,-0.08869402645120306,-0.23859998577221314,0.35319432535953244,0.06827191047976347,0.026051576975447105,-0.0031238728535074615,-0.00301279627182062,-0.07594518058680884,-0.0012505475825866864
W094|BA.2|R0.3|C991,-0.06735359420105361,-0.017879585497142587,-0.024047455909461352,0.2173734827928468,-0.05926996476750673,-0.08869402645120306,-0.09574284291507029,-0.04680567464046757,-0.13172808952023654,0.39748014840401846,-0.0031238728535074615,-0.00301279627182062,-0.07594518058680884,-0.0012505475825866864
W096|BA.2|R0.3|C1051,-0.06735359420105361,-0.017879585497142587,-0.024047455909461352,-0.0683408029214389,-0.05926996476750673,-0.08869402645120306,0.16140001422778688,-0.04680567464046757,-0.13172808952023654,-0.1739484230245529,-0.0031238728535074615,0.5969872037281794,-0.07594518058680884,-0.0012505475825866864
W102|BA.5.2|R0.3|C18,-0.06735359420105361,-0.017879585497142587,-0.024047455909461352,-0.0683408029214389,-0.05926996476750673,0.24463930688213026,-0.07193331910554648,-0.04680567464046757,-0.13172808952023654,0.1593849103087804,-0.0031238728535074615,0.16365387039484602,-0.07594518058680884,-0.0012505475825866864
W113|BA.5.2|R0.3|C31,-0.06735359420105361,-0.017879585497142587,-0.024047455909461352,-0.0683408029214389,-0.05926996476750673,-0.08869402645120306,-0.23859998577221314,-0.04680567464046757,-0.13172808952023654,-0.1739484230245529,-0.0031238728535074615,-0.00301279627182062,0.9240548194131911,-0.0012505475825866864
W116|BA.5.2|R0.3|C11,-0.06735359420105361,-0.017879585497142587,-0.024047455909461352,-0.0683408029214389,-0.05926996476750673,-0.08869402645120306,-0.23859998577221314,-0.04680567464046757,-0.13172808952023654,-0.1739484230245529,-0.0031238728535074615,-0.00301279627182062,0.9240548194131911,-0.0012505475825866864
