model,aic,qic,qicu,rho,scale,nobs,converged,term,coef,se,z,pvalue,ci_lo,ci_hi
model1,2348797.7998020602,2348791.7780189114,2348794.7986848825,0.528835376554211,1.0,2293464,True,Intercept,5.449923054155275,0.013816019254388346,394.4640604365277,0.0,5.422844154006962,5.477001954303588
model1,2348797.7998020602,2348791.7780189114,2348794.7986848825,0.528835376554211,1.0,2293464,True,"C(dz_simd_quintile, Treatment(3))[T.1]",0.012558273485603604,0.011825209356615053,1.0619916406451166,0.28823948014785794,-0.010618710963007965,0.03573525793421517
model1,2348797.7998020602,2348791.7780189114,2348794.7986848825,0.528835376554211,1.0,2293464,True,"C(dz_simd_quintile, Treatment(3))[T.2]",0.0033454387362633355,0.01194509309420846,0.28006803378412853,0.7794253090102576,-0.020066513520363365,0.026757390992890033
model1,2348797.7998020602,2348791.7780189114,2348794.7986848825,0.528835376554211,1.0,2293464,True,"C(dz_simd_quintile, Treatment(3))[T.4]",-0.015023860238797227,0.011988372087580933,-1.2532026975005919,0.21013194851880157,-0.03852063776372112,0.008472917286126662
model1,2348797.7998020602,2348791.7780189114,2348794.7986848825,0.528835376554211,1.0,2293464,True,"C(dz_simd_quintile, Treatment(3))[T.5]",0.013177537328071563,0.012104206963038499,1.0886741583575523,0.2762976013870113,-0.01054627238090284,0.036901347037045965
model1,2348797.7998020602,2348791.7780189114,2348794.7986848825,0.528835376554211,1.0,2293464,True,"C(age_group, Treatment('40–59'))[T.00-09]",-0.1052664492835891,0.014023490572830831,-7.506437055516888,6.075833098264124e-14,-0.1327519857438745,-0.0777809128233037
model1,2348797.7998020602,2348791.7780189114,2348794.7986848825,0.528835376554211,1.0,2293464,True,"C(age_group, Treatment('40–59'))[T.10-19]",0.04712114050739952,0.011435154713612021,4.120726101878456,3.776802130202967e-05,0.02470864911107652,0.06953363190372251
model1,2348797.7998020602,2348791.7780189114,2348794.7986848825,0.528835376554211,1.0,2293464,True,"C(age_group, Treatment('40–59'))[T.20-39]",0.12923294576950528,0.01012776087047688,12.760268278670384,2.732583473985932e-37,0.10938289921933657,0.14908299231967398
model1,2348797.7998020602,2348791.7780189114,2348794.7986848825,0.528835376554211,1.0,2293464,True,"C(age_group, Treatment('40–59'))[T.60-74]",-0.041271026163412466,0.013086480492260811,-3.153714720151049,0.0016120658834347615,-0.06692005661262965,-0.015621995714195279
model1,2348797.7998020602,2348791.7780189114,2348794.7986848825,0.528835376554211,1.0,2293464,True,"C(age_group, Treatment('40–59'))[T.elderly]",0.20465779506123224,0.01579627508501511,12.956079452894414,2.170610641574273e-38,0.17369766480471524,0.23561792531774925
model1,2348797.7998020602,2348791.7780189114,2348794.7986848825,0.528835376554211,1.0,2293464,True,"C(wave, Treatment('WV3_AY.4_C983568'))[T.WV1_B.1.177_C108360]",0.35397759144935903,0.012883009032434944,27.476313224508836,3.36960438925443e-166,0.3287273577332823,0.37922782516543574
model1,2348797.7998020602,2348791.7780189114,2348794.7986848825,0.528835376554211,1.0,2293464,True,"C(wave, Treatment('WV3_AY.4_C983568'))[T.WV6_BA.5.2_C23016]",-1.158517186253153,0.0117337948639382,-98.73337651518489,0.0,-1.1815150015884528,-1.135519370917853
model1,2348797.7998020602,2348791.7780189114,2348794.7986848825,0.528835376554211,1.0,2293464,True,is_female,-0.030288535200873965,0.00747932955760036,-4.049632385846042,5.1298151877777115e-05,-0.04494775176227657,-0.015629318639471364
model1,2348797.7998020602,2348791.7780189114,2348794.7986848825,0.528835376554211,1.0,2293464,True,resolution,-4.638265030439375,0.011842817653301413,-391.65215291028056,0.0,-4.661476526515321,-4.61505353436343
model2,2348596.2020940436,2348587.4930446236,2348593.2140949047,0.528837680143624,1.0,2293464,True,Intercept,5.458092651619589,0.018665149360991506,292.42158988700703,0.0,5.421509631105985,5.4946756721331935
model2,2348596.2020940436,2348587.4930446236,2348593.2140949047,0.528837680143624,1.0,2293464,True,"C(dz_simd_quintile, Treatment(3))[T.1]",-0.010176421452299933,0.022399225793993265,-0.4543202316853699,0.649598356336397,-0.054078097290107326,0.03372525438550746
model2,2348596.2020940436,2348587.4930446236,2348593.2140949047,0.528837680143624,1.0,2293464,True,"C(dz_simd_quintile, Treatment(3))[T.2]",0.0265971386681996,0.022698645806713238,1.1717500195687165,0.241297434423972,-0.017891389610789468,0.07108566694718867
model2,2348596.2020940436,2348587.4930446236,2348593.2140949047,0.528837680143624,1.0,2293464,True,"C(dz_simd_quintile, Treatment(3))[T.4]",-0.026462909763446885,0.022308259026043286,-1.1862382327797676,0.23552823155161728,-0.07018629401228231,0.017260474485388536
model2,2348596.2020940436,2348587.4930446236,2348593.2140949047,0.528837680143624,1.0,2293464,True,"C(dz_simd_quintile, Treatment(3))[T.5]",-0.007476171605460825,0.02245121387021886,-0.332996320318245,0.7391370607655128,-0.05147974220029591,0.03652739898937426
model2,2348596.2020940436,2348587.4930446236,2348593.2140949047,0.528837680143624,1.0,2293464,True,"C(age_group, Treatment('40–59'))[T.00-09]",-0.11534110934998067,0.03241501826558618,-3.5582614331713653,0.00037331764771615964,-0.1788733777087376,-0.05180884099122374
model2,2348596.2020940436,2348587.4930446236,2348593.2140949047,0.528837680143624,1.0,2293464,True,"C(age_group, Treatment('40–59'))[T.10-19]",0.039803789132732824,0.02698896675652694,1.4748170795796316,0.1402617281050341,-0.013093613690008776,0.09270119195547442
model2,2348596.2020940436,2348587.4930446236,2348593.2140949047,0.528837680143624,1.0,2293464,True,"C(age_group, Treatment('40–59'))[T.20-39]",0.11945678568935943,0.02371035736123895,5.038168926320957,4.7000654472714567e-07,0.07298533920075694,0.16592823217796193
model2,2348596.2020940436,2348587.4930446236,2348593.2140949047,0.528837680143624,1.0,2293464,True,"C(age_group, Treatment('40–59'))[T.60-74]",-0.09971308058657363,0.029388870600126776,-3.392885760847969,0.0006916047474358083,-0.15731420850913017,-0.042111952664017106
model2,2348596.2020940436,2348587.4930446236,2348593.2140949047,0.528837680143624,1.0,2293464,True,"C(age_group, Treatment('40–59'))[T.elderly]",0.2558766304294773,0.03388676504793197,7.550931169367931,4.321572020343065e-14,0.1894597913829599,0.3222934694759947
model2,2348596.2020940436,2348587.4930446236,2348593.2140949047,0.528837680143624,1.0,2293464,True,"C(wave, Treatment('WV3_AY.4_C983568'))[T.WV1_B.1.177_C108360]",0.3504217628539193,0.012892983202450635,27.179261568208112,1.142319243223986e-162,0.32515198012383617,0.3756915455840024
model2,2348596.2020940436,2348587.4930446236,2348593.2140949047,0.528837680143624,1.0,2293464,True,"C(wave, Treatment('WV3_AY.4_C983568'))[T.WV6_BA.5.2_C23016]",-1.1583515089215182,0.01176784941526055,-98.43357677736492,0.0,-1.1814160699509195,-1.1352869478921168
model2,2348596.2020940436,2348587.4930446236,2348593.2140949047,0.528837680143624,1.0,2293464,True,"C(dz_simd_quintile, Treatment(3))[T.1]:C(age_group, Treatment('40–59'))[T.00-09]",0.08487662008082897,0.045997614978325,1.8452395873313114,0.06500269418824108,-0.005277048651428168,0.1750302888130861
model2,2348596.2020940436,2348587.4930446236,2348593.2140949047,0.528837680143624,1.0,2293464,True,"C(dz_simd_quintile, Treatment(3))[T.2]:C(age_group, Treatment('40–59'))[T.00-09]",-0.0657090703186957,0.04568498498063623,-1.438307801710929,0.15034673924490088,-0.15524999551499602,0.0238318548776046
model2,2348596.2020940436,2348587.4930446236,2348593.2140949047,0.528837680143624,1.0,2293464,True,"C(dz_simd_quintile, Treatment(3))[T.4]:C(age_group, Treatment('40–59'))[T.00-09]",0.002216590886261825,0.043913355056797616,0.050476464014076856,0.9597427044868929,-0.08385200346538137,0.088285185237905
model2,2348596.2020940436,2348587.4930446236,2348593.2140949047,0.528837680143624,1.0,2293464,True,"C(dz_simd_quintile, Treatment(3))[T.5]:C(age_group, Treatment('40–59'))[T.00-09]",0.027459867618852257,0.04372034457509861,0.6280798535721587,0.5299516300596426,-0.058230433140022145,0.11315016837772666
model2,2348596.2020940436,2348587.4930446236,2348593.2140949047,0.528837680143624,1.0,2293464,True,"C(dz_simd_quintile, Treatment(3))[T.1]:C(age_group, Treatment('40–59'))[T.10-19]",0.022392716811316157,0.037031482728684326,0.6046940376484281,0.5453823105290041,-0.05018765563102216,0.09497308925365448
model2,2348596.2020940436,2348587.4930446236,2348593.2140949047,0.528837680143624,1.0,2293464,True,"C(dz_simd_quintile, Treatment(3))[T.2]:C(age_group, Treatment('40–59'))[T.10-19]",-0.015456776221610699,0.03730379994200561,-0.4143485716104148,0.6786188469528166,-0.08857088059442905,0.05765732815120766
model2,2348596.2020940436,2348587.4930446236,2348593.2140949047,0.528837680143624,1.0,2293464,True,"C(dz_simd_quintile, Treatment(3))[T.4]:C(age_group, Treatment('40–59'))[T.10-19]",-0.007220752241199219,0.036445266372059956,-0.1981259285495267,0.8429465388749515,-0.0786521617374055,0.06421065725500705
model2,2348596.2020940436,2348587.4930446236,2348593.2140949047,0.528837680143624,1.0,2293464,True,"C(dz_simd_quintile, Treatment(3))[T.5]:C(age_group, Treatment('40–59'))[T.10-19]",0.033729453788560605,0.03652623441339087,0.9234309074081577,0.3557826911329981,-0.037860650152553,0.10531955772967422
model2,2348596.2020940436,2348587.4930446236,2348593.2140949047,0.528837680143624,1.0,2293464,True,"C(dz_simd_quintile, Treatment(3))[T.1]:C(age_group, Treatment('40–59'))[T.20-39]",0.006399219964206526,0.03169798062581553,0.2018809980278321,0.8400097575958387,-0.05572768044504032,0.06852612037345338
model2,2348596.2020940436,2348587.4930446236,2348593.2140949047,0.528837680143624,1.0,2293464,True,"C(dz_simd_quintile, Treatment(3))[T.2]:C(age_group, Treatment('40–59'))[T.20-39]",-0.05262728705153496,0.03242731092694169,-1.6229309661261628,0.10460416304731335,-0.11618364858382282,0.010929074480752914
model2,2348596.2020940436,2348587.4930446236,2348593.2140949047,0.528837680143624,1.0,2293464,True,"C(dz_simd_quintile, Treatment(3))[T.4]:C(age_group, Treatment('40–59'))[T.20-39]",0.0432885478816682,0.03314259413070103,1.3061303442619976,0.1915082354173835,-0.021669742968734397,0.1082468387320708
model2,2348596.2020940436,2348587.4930446236,2348593.2140949047,0.528837680143624,1.0,2293464,True,"C(dz_simd_quintile, Treatment(3))[T.5]:C(age_group, Treatment('40–59'))[T.20-39]",0.07377811400731542,0.03369403668792734,2.189649007943008,0.02854970186261553,0.007739015605206595,0.13981721240942424
model2,2348596.2020940436,2348587.4930446236,2348593.2140949047,0.528837680143624,1.0,2293464,True,"C(dz_simd_quintile, Treatment(3))[T.1]:C(age_group, Treatment('40–59'))[T.60-74]",0.13561143311824084,0.041018692452686446,3.3060886393359232,0.0009460815383837062,0.05521627321805046,0.21600659301843123
model2,2348596.2020940436,2348587.4930446236,2348593.2140949047,0.528837680143624,1.0,2293464,True,"C(dz_simd_quintile, Treatment(3))[T.2]:C(age_group, Treatment('40–59'))[T.60-74]",0.13439871425423022,0.041283705868820714,3.2554905482875776,0.0011319666411329626,0.053484137602996765,0.2153132909054637
model2,2348596.2020940436,2348587.4930446236,2348593.2140949047,0.528837680143624,1.0,2293464,True,"C(dz_simd_quintile, Treatment(3))[T.4]:C(age_group, Treatment('40–59'))[T.60-74]",0.02392443898146133,0.04113704453540267,0.5815789454896761,0.5608503281428727,-0.056702686738348135,0.1045515647012708
model2,2348596.2020940436,2348587.4930446236,2348593.2140949047,0.528837680143624,1.0,2293464,True,"C(dz_simd_quintile, Treatment(3))[T.5]:C(age_group, Treatment('40–59'))[T.60-74]",-0.03610161253698112,0.041930621991605056,-0.8609844267086959,0.38924662030504653,-0.11828412148989018,0.04608089641592794
model2,2348596.2020940436,2348587.4930446236,2348593.2140949047,0.528837680143624,1.0,2293464,True,"C(dz_simd_quintile, Treatment(3))[T.1]:C(age_group, Treatment('40–59'))[T.elderly]",-0.05295701251008321,0.04810466408450263,-1.1008706435836813,0.27095296033242966,-0.14724042160410583,0.0413263965839394
model2,2348596.2020940436,2348587.4930446236,2348593.2140949047,0.528837680143624,1.0,2293464,True,"C(dz_simd_quintile, Treatment(3))[T.2]:C(age_group, Treatment('40–59'))[T.elderly]",-0.16609980259545082,0.047023528335668786,-3.5322700884922544,0.00041200831681984017,-0.2582642245593604,-0.07393538063154129
model2,2348596.2020940436,2348587.4930446236,2348593.2140949047,0.528837680143624,1.0,2293464,True,"C(dz_simd_quintile, Treatment(3))[T.4]:C(age_group, Treatment('40–59'))[T.elderly]",0.007636054082849355,0.04812701678455849,0.15866460447844288,0.8739331263851682,-0.08669116549823996,0.10196327366393867
model2,2348596.2020940436,2348587.4930446236,2348593.2140949047,0.528837680143624,1.0,2293464,True,"C(dz_simd_quintile, Treatment(3))[T.5]:C(age_group, Treatment('40–59'))[T.elderly]",-0.02892126221324725,0.04874119683147561,-0.5933638091252359,0.5529377037101169,-0.12445225256631726,0.06660972813982274
model2,2348596.2020940436,2348587.4930446236,2348593.2140949047,0.528837680143624,1.0,2293464,True,is_female,-0.030479370262579217,0.0074825236988344595,-4.073407781832611,4.633020112558979e-05,-0.04514484722576219,-0.015813893299396246
model2,2348596.2020940436,2348587.4930446236,2348593.2140949047,0.528837680143624,1.0,2293464,True,resolution,-4.639298194125507,0.011848539792365123,-391.5502057996163,0.0,-4.662520905387932,-4.6160754828630814
model3,2342912.2153124935,2342907.132734998,2342909.2852653665,0.5282611549957722,1.0,2293464,True,Intercept,5.46759498754935,0.014142128638998608,386.6175401963043,0.0,5.4398769247521805,5.495313050346519
model3,2342912.2153124935,2342907.132734998,2342909.2852653665,0.5282611549957722,1.0,2293464,True,"C(dz_simd_quintile, Treatment(3))[T.1]",0.018126586969484288,0.011875609110428237,1.5263711360764585,0.12691746179116895,-0.005149179181430805,0.04140235312039938
model3,2342912.2153124935,2342907.132734998,2342909.2852653665,0.5282611549957722,1.0,2293464,True,"C(dz_simd_quintile, Treatment(3))[T.2]",0.008366823028774461,0.011980262314171491,0.698383959329281,0.48493710516854305,-0.015114059632344145,0.03184770568989306
model3,2342912.2153124935,2342907.132734998,2342909.2852653665,0.5282611549957722,1.0,2293464,True,"C(dz_simd_quintile, Treatment(3))[T.4]",-0.014177485703654518,0.012010780336132749,-1.18039671918764,0.23784246621041316,-0.03771818258869659,0.009363211181387552
model3,2342912.2153124935,2342907.132734998,2342909.2852653665,0.5282611549957722,1.0,2293464,True,"C(dz_simd_quintile, Treatment(3))[T.5]",0.014149782675106245,0.012129622572926593,1.1665476473017935,0.24339309599766346,-0.009623840713893942,0.037923406064106435
model3,2342912.2153124935,2342907.132734998,2342909.2852653665,0.5282611549957722,1.0,2293464,True,"C(age_group, Treatment('40–59'))[T.00-09]",-0.10902265220102883,0.014594758540263948,-7.469986701065158,8.020292618997676e-14,-0.13762785330300453,-0.08041745109905313
model3,2342912.2153124935,2342907.132734998,2342909.2852653665,0.5282611549957722,1.0,2293464,True,"C(age_group, Treatment('40–59'))[T.10-19]",0.05547800489921056,0.01222224288814816,4.539101816820157,5.649435392274721e-06,0.03152284902813935,0.07943316077028176
model3,2342912.2153124935,2342907.132734998,2342909.2852653665,0.5282611549957722,1.0,2293464,True,"C(age_group, Treatment('40–59'))[T.20-39]",0.19221166186825792,0.011547865980339245,16.644777675416982,3.3019014431851684e-62,0.16957826044849766,0.21484506328801817
model3,2342912.2153124935,2342907.132734998,2342909.2852653665,0.5282611549957722,1.0,2293464,True,"C(age_group, Treatment('40–59'))[T.60-74]",-0.101843282615064,0.015208126939698708,-6.696635490937166,2.1327270935097012e-11,-0.13165066368918682,-0.0720359015409412
model3,2342912.2153124935,2342907.132734998,2342909.2852653665,0.5282611549957722,1.0,2293464,True,"C(age_group, Treatment('40–59'))[T.elderly]",-0.12546499709001602,0.02083845140719038,-6.0208407351576945,1.7351342594243246e-09,-0.16630761134169716,-0.08462238283833487
model3,2342912.2153124935,2342907.132734998,2342909.2852653665,0.5282611549957722,1.0,2293464,True,"C(wave, Treatment('WV3_AY.4_C983568'))[T.WV1_B.1.177_C108360]",0.4277881197835424,0.02374546364925171,18.015572410060027,1.4705205995944802e-72,0.381247866234804,0.47432837333228084
model3,2342912.2153124935,2342907.132734998,2342909.2852653665,0.5282611549957722,1.0,2293464,True,"C(wave, Treatment('WV3_AY.4_C983568'))[T.WV6_BA.5.2_C23016]",-1.4433483613480893,0.023775847569554323,-60.70649456872947,0.0,-1.4899481662863299,-1.3967485564098487
model3,2342912.2153124935,2342907.132734998,2342909.2852653665,0.5282611549957722,1.0,2293464,True,"C(age_group, Treatment('40–59'))[T.00-09]:C(wave, Treatment('WV3_AY.4_C983568'))[T.WV1_B.1.177_C108360]",-0.057968091424096056,0.09027055088360578,-0.6421594956126911,0.520769629140169,-0.23489512002055374,0.11895893717236161
model3,2342912.2153124935,2342907.132734998,2342909.2852653665,0.5282611549957722,1.0,2293464,True,"C(age_group, Treatment('40–59'))[T.10-19]:C(wave, Treatment('WV3_AY.4_C983568'))[T.WV1_B.1.177_C108360]",-0.2523553704879316,0.04367584026675667,-5.777916782977357,7.563119673835087e-09,-0.337958444405299,-0.16675229657056426
model3,2342912.2153124935,2342907.132734998,2342909.2852653665,0.5282611549957722,1.0,2293464,True,"C(age_group, Treatment('40–59'))[T.20-39]:C(wave, Treatment('WV3_AY.4_C983568'))[T.WV1_B.1.177_C108360]",-0.3865680828348109,0.032729096245708515,-11.811144430408715,3.418758780224988e-32,-0.4507159327229447,-0.32242023294667715
model3,2342912.2153124935,2342907.132734998,2342909.2852653665,0.5282611549957722,1.0,2293464,True,"C(age_group, Treatment('40–59'))[T.60-74]:C(wave, Treatment('WV3_AY.4_C983568'))[T.WV1_B.1.177_C108360]",0.19472707380339208,0.041760576811035316,4.662940233908241,3.1172330548470925e-06,0.11287784728014431,0.2765763003266398
model3,2342912.2153124935,2342907.132734998,2342909.2852653665,0.5282611549957722,1.0,2293464,True,"C(age_group, Treatment('40–59'))[T.elderly]:C(wave, Treatment('WV3_AY.4_C983568'))[T.WV1_B.1.177_C108360]",0.5326915215882347,0.04312739423238837,12.35158142682748,4.7763195697319336e-35,0.44816338214569307,0.6172196610307764
model3,2342912.2153124935,2342907.132734998,2342909.2852653665,0.5282611549957722,1.0,2293464,True,"C(age_group, Treatment('40–59'))[T.00-09]:C(wave, Treatment('WV3_AY.4_C983568'))[T.WV6_BA.5.2_C23016]",0.07805114740136333,0.08981179848771721,0.8690522705882314,0.3848185412763455,-0.09797674302133129,0.25407903782405794
model3,2342912.2153124935,2342907.132734998,2342909.2852653665,0.5282611549957722,1.0,2293464,True,"C(age_group, Treatment('40–59'))[T.10-19]:C(wave, Treatment('WV3_AY.4_C983568'))[T.WV6_BA.5.2_C23016]",0.27221638504881296,0.06571939584467043,4.142101149137216,3.44138499387743e-05,0.14340873610752763,0.4010240339900983
model3,2342912.2153124935,2342907.132734998,2342909.2852653665,0.5282611549957722,1.0,2293464,True,"C(age_group, Treatment('40–59'))[T.20-39]:C(wave, Treatment('WV3_AY.4_C983568'))[T.WV6_BA.5.2_C23016]",-0.0926627655416609,0.03367887404386732,-2.7513617415168348,0.005934806628752615,-0.1586721457075017,-0.026653385375820113
model3,2342912.2153124935,2342907.132734998,2342909.2852653665,0.5282611549957722,1.0,2293464,True,"C(age_group, Treatment('40–59'))[T.60-74]:C(wave, Treatment('WV3_AY.4_C983568'))[T.WV6_BA.5.2_C23016]",0.4245746636969991,0.03684462212677404,11.523382224850437,1.005837247834872e-30,0.3523605313045344,0.4967887960894638
model3,2342912.2153124935,2342907.132734998,2342909.2852653665,0.5282611549957722,1.0,2293464,True,"C(age_group, Treatment('40–59'))[T.elderly]:C(wave, Treatment('WV3_AY.4_C983568'))[T.WV6_BA.5.2_C23016]",0.9075819824901973,0.03646459300276699,24.88940387792971,9.690090203500805e-137,0.8361126934938627,0.9790512714865318
model3,2342912.2153124935,2342907.132734998,2342909.2852653665,0.5282611549957722,1.0,2293464,True,is_female,-0.031961932157613775,0.007499055049554335,-4.2621279543098245,2.024894390082996e-05,-0.0466598099728235,-0.01726405434240405
model3,2342912.2153124935,2342907.132734998,2342909.2852653665,0.5282611549957722,1.0,2293464,True,resolution,-4.655474473199051,0.011862743023046572,-392.44502423718853,0.0,-4.678725022282077,-4.632223924116026
model4,2342672.492817223,2342668.104597796,2342669.65023715,0.5285247869519778,1.0,2293464,True,Intercept,5.483876631052068,0.020540372124874536,266.9803934277829,0.0,5.443618241458263,5.524135020645873
model4,2342672.492817223,2342668.104597796,2342669.65023715,0.5285247869519778,1.0,2293464,True,"C(dz_simd_quintile, Treatment(3))[T.1]",-0.03966274619158237,0.025667918965137405,-1.5452264067629702,0.12229150914602682,-0.0899709429213443,0.010645450538179564
model4,2342672.492817223,2342668.104597796,2342669.65023715,0.5285247869519778,1.0,2293464,True,"C(dz_simd_quintile, Treatment(3))[T.2]",0.007999643995198513,0.025744672752259955,0.31073007111718975,0.7560058346665892,-0.04245898739300067,0.0584582753833977
model4,2342672.492817223,2342668.104597796,2342669.65023715,0.5285247869519778,1.0,2293464,True,"C(dz_simd_quintile, Treatment(3))[T.4]",-0.025410446767098957,0.025058271807222674,-1.01405423975706,0.3105568715988023,-0.07452375702407081,0.023702863489872897
model4,2342672.492817223,2342668.104597796,2342669.65023715,0.5285247869519778,1.0,2293464,True,"C(dz_simd_quintile, Treatment(3))[T.5]",0.03031014904384734,0.02511514708953348,1.2068473632980965,0.22749093191991965,-0.018914634718064236,0.07953493280575892
model4,2342672.492817223,2342668.104597796,2342669.65023715,0.5285247869519778,1.0,2293464,True,"C(age_group, Treatment('40–59'))[T.00-09]",-0.12548759303370302,0.034046813933078124,-3.68573674119286,0.00022804198597793765,-0.19221812213087264,-0.05875706393653339
model4,2342672.492817223,2342668.104597796,2342669.65023715,0.5285247869519778,1.0,2293464,True,"C(age_group, Treatment('40–59'))[T.10-19]",0.051226722080030936,0.02910151353749679,1.7602769015441826,0.07836086860331465,-0.005811196349067592,0.10826464050912946
model4,2342672.492817223,2342668.104597796,2342669.65023715,0.5285247869519778,1.0,2293464,True,"C(age_group, Treatment('40–59'))[T.20-39]",0.18106832651960078,0.027156126142607477,6.667678798100286,2.5988076553700882e-11,0.1278432973204635,0.23429335571873805
model4,2342672.492817223,2342668.104597796,2342669.65023715,0.5285247869519778,1.0,2293464,True,"C(age_group, Treatment('40–59'))[T.60-74]",-0.17287092019365147,0.03409333271893931,-5.070519846762277,3.9673053895423897e-07,-0.23969262443571354,-0.10604921595158939
model4,2342672.492817223,2342668.104597796,2342669.65023715,0.5285247869519778,1.0,2293464,True,"C(age_group, Treatment('40–59'))[T.elderly]",-0.027535390138068067,0.04717693087592342,-0.5836621761277111,0.5594476195886922,-0.12000047555601363,0.0649296952798775
model4,2342672.492817223,2342668.104597796,2342669.65023715,0.5285247869519778,1.0,2293464,True,"C(wave, Treatment('WV3_AY.4_C983568'))[T.WV1_B.1.177_C108360]",0.402551359311194,0.053651318591329045,7.503102810529117,6.232463040052108e-14,0.2973967071491049,0.5077060114732832
model4,2342672.492817223,2342668.104597796,2342669.65023715,0.5285247869519778,1.0,2293464,True,"C(wave, Treatment('WV3_AY.4_C983568'))[T.WV6_BA.5.2_C23016]",-1.3842805622719307,0.05361055601421763,-25.821044682036437,5.146716579255211e-147,-1.4893553212509645,-1.279205803292897
model4,2342672.492817223,2342668.104597796,2342669.65023715,0.5285247869519778,1.0,2293464,True,"C(dz_simd_quintile, Treatment(3))[T.1]:C(age_group, Treatment('40–59'))[T.00-09]",0.1170959297818595,0.04862692060853349,2.4080474008323374,0.016038098542484606,0.02178891671004532,0.21240294285367367
model4,2342672.492817223,2342668.104597796,2342669.65023715,0.5285247869519778,1.0,2293464,True,"C(dz_simd_quintile, Treatment(3))[T.2]:C(age_group, Treatment('40–59'))[T.00-09]",-0.05394136940912768,0.048047363067573706,-1.1226707557970383,0.2615773526073917,-0.1481124705736921,0.04022973175543672
model4,2342672.492817223,2342668.104597796,2342669.65023715,0.5285247869519778,1.0,2293464,True,"C(dz_simd_quintile, Treatment(3))[T.4]:C(age_group, Treatment('40–59'))[T.00-09]",0.015231558540709367,0.04597419663336076,0.3313066819237625,0.7404128446103256,-0.07487621107884032,0.10533932816025907
model4,2342672.492817223,2342668.104597796,2342669.65023715,0.5285247869519778,1.0,2293464,True,"C(dz_simd_quintile, Treatment(3))[T.5]:C(age_group, Treatment('40–59'))[T.00-09]",-0.0013556676498615674,0.045751304555193655,-0.029631234847655792,0.9763611544389149,-0.09102657682376446,0.08831524152404131
model4,2342672.492817223,2342668.104597796,2342669.65023715,0.5285247869519778,1.0,2293464,True,"C(dz_simd_quintile, Treatment(3))[T.1]:C(age_group, Treatment('40–59'))[T.10-19]",0.03749552294778879,0.04009714751613691,0.9351169664300656,0.3497280237627637,-0.041093442066629245,0.11608448796220683
model4,2342672.492817223,2342668.104597796,2342669.65023715,0.5285247869519778,1.0,2293464,True,"C(dz_simd_quintile, Treatment(3))[T.2]:C(age_group, Treatment('40–59'))[T.10-19]",-0.0035596180682406276,0.04020224668323573,-0.08854276469391903,0.9294452964774954,-0.08235457366497749,0.07523533752849625
model4,2342672.492817223,2342668.104597796,2342669.65023715,0.5285247869519778,1.0,2293464,True,"C(dz_simd_quintile, Treatment(3))[T.4]:C(age_group, Treatment('40–59'))[T.10-19]",-0.023005577399641684,0.0391593309876525,-0.5874864768985884,0.5568770300976318,-0.09975645579412389,0.053745300994840525
model4,2342672.492817223,2342668.104597796,2342669.65023715,0.5285247869519778,1.0,2293464,True,"C(dz_simd_quintile, Treatment(3))[T.5]:C(age_group, Treatment('40–59'))[T.10-19]",0.007806943135112111,0.03935982483686885,0.19834801520252826,0.8427727871640309,-0.06933689598295593,0.08495078225318016
model4,2342672.492817223,2342668.104597796,2342669.65023715,0.5285247869519778,1.0,2293464,True,"C(dz_simd_quintile, Treatment(3))[T.1]:C(age_group, Treatment('40–59'))[T.20-39]",-0.003920911012405636,0.03648416791210761,-0.10746883475186632,0.9144170483689626,-0.07542856612604845,0.06758674410123719
model4,2342672.492817223,2342668.104597796,2342669.65023715,0.5285247869519778,1.0,2293464,True,"C(dz_simd_quintile, Treatment(3))[T.2]:C(age_group, Treatment('40–59'))[T.20-39]",-0.06102693329352035,0.03704964051298781,-1.647166678233417,0.09952379084910591,-0.13364289433913254,0.011589027752091835
model4,2342672.492817223,2342668.104597796,2342669.65023715,0.5285247869519778,1.0,2293464,True,"C(dz_simd_quintile, Treatment(3))[T.4]:C(age_group, Treatment('40–59'))[T.20-39]",0.07569114596791597,0.03776146592597971,2.0044546500468567,0.04502138018765988,0.0016800327495593015,0.14970225918627264
model4,2342672.492817223,2342668.104597796,2342669.65023715,0.5285247869519778,1.0,2293464,True,"C(dz_simd_quintile, Treatment(3))[T.5]:C(age_group, Treatment('40–59'))[T.20-39]",0.10217413683438799,0.03858495240956311,2.6480306558331943,0.008096218311791165,0.02654901976645231,0.17779925390232365
model4,2342672.492817223,2342668.104597796,2342669.65023715,0.5285247869519778,1.0,2293464,True,"C(dz_simd_quintile, Treatment(3))[T.1]:C(age_group, Treatment('40–59'))[T.60-74]",0.14517371443379096,0.047951946964756756,3.027483212318559,0.0024659941102314546,0.05118962539429295,0.23915780347328897
model4,2342672.492817223,2342668.104597796,2342669.65023715,0.5285247869519778,1.0,2293464,True,"C(dz_simd_quintile, Treatment(3))[T.2]:C(age_group, Treatment('40–59'))[T.60-74]",0.12666757274239607,0.04824794138374572,2.625346680284875,0.008656078293553197,0.032103345302054845,0.2212318001827373
model4,2342672.492817223,2342668.104597796,2342669.65023715,0.5285247869519778,1.0,2293464,True,"C(dz_simd_quintile, Treatment(3))[T.4]:C(age_group, Treatment('40–59'))[T.60-74]",0.10785018115395045,0.04777536046052358,2.2574435883757746,0.023980370662515085,0.014212195302905309,0.2014881670049956
model4,2342672.492817223,2342668.104597796,2342669.65023715,0.5285247869519778,1.0,2293464,True,"C(dz_simd_quintile, Treatment(3))[T.5]:C(age_group, Treatment('40–59'))[T.60-74]",-0.04405978615550079,0.04871108139714704,-0.9045125850579315,0.3657236641443774,-0.139531751341908,0.051412179030906426
model4,2342672.492817223,2342668.104597796,2342669.65023715,0.5285247869519778,1.0,2293464,True,"C(dz_simd_quintile, Treatment(3))[T.1]:C(age_group, Treatment('40–59'))[T.elderly]",-0.047854967483699634,0.06498706364784858,-0.7363768232861817,0.4615014053312444,-0.17522727169449503,0.07951733672709577
model4,2342672.492817223,2342668.104597796,2342669.65023715,0.5285247869519778,1.0,2293464,True,"C(dz_simd_quintile, Treatment(3))[T.2]:C(age_group, Treatment('40–59'))[T.elderly]",-0.17901298410799077,0.06400058756415185,-2.79705219781857,0.005157120083220313,-0.3044518307231304,-0.05357413749285109
model4,2342672.492817223,2342668.104597796,2342669.65023715,0.5285247869519778,1.0,2293464,True,"C(dz_simd_quintile, Treatment(3))[T.4]:C(age_group, Treatment('40–59'))[T.elderly]",-0.09133795719323083,0.06779202126067245,-1.3473260642579168,0.17787524122263654,-0.22420787730332248,0.0415319629168608
model4,2342672.492817223,2342668.104597796,2342669.65023715,0.5285247869519778,1.0,2293464,True,"C(dz_simd_quintile, Treatment(3))[T.5]:C(age_group, Treatment('40–59'))[T.elderly]",-0.1584272234126289,0.06977177336778626,-2.2706492291304583,0.023168220783441756,-0.2951773863509809,-0.02167706047427692
model4,2342672.492817223,2342668.104597796,2342669.65023715,0.5285247869519778,1.0,2293464,True,"C(dz_simd_quintile, Treatment(3))[T.1]:C(wave, Treatment('WV3_AY.4_C983568'))[T.WV1_B.1.177_C108360]",0.07902238932917482,0.07031680525271151,1.1238051706868126,0.2610956874484125,-0.058796016474056634,0.21684079513240628
model4,2342672.492817223,2342668.104597796,2342669.65023715,0.5285247869519778,1.0,2293464,True,"C(dz_simd_quintile, Treatment(3))[T.2]:C(wave, Treatment('WV3_AY.4_C983568'))[T.WV1_B.1.177_C108360]",0.13311581806060083,0.07540793225038286,1.76527606696078,0.07751737979318953,-0.014681013298786016,0.28091264941998767
model4,2342672.492817223,2342668.104597796,2342669.65023715,0.5285247869519778,1.0,2293464,True,"C(dz_simd_quintile, Treatment(3))[T.4]:C(wave, Treatment('WV3_AY.4_C983568'))[T.WV1_B.1.177_C108360]",0.06591813614601866,0.07793810264085256,0.8457754796748999,0.3976780068112147,-0.08683773805343845,0.21867401034547576
model4,2342672.492817223,2342668.104597796,2342669.65023715,0.5285247869519778,1.0,2293464,True,"C(dz_simd_quintile, Treatment(3))[T.5]:C(wave, Treatment('WV3_AY.4_C983568'))[T.WV1_B.1.177_C108360]",-0.22411955151354412,0.0810976015150707,-2.763578050725644,0.005717141722222223,-0.3830679297156636,-0.06517117331142463
model4,2342672.492817223,2342668.104597796,2342669.65023715,0.5285247869519778,1.0,2293464,True,"C(dz_simd_quintile, Treatment(3))[T.1]:C(wave, Treatment('WV3_AY.4_C983568'))[T.WV6_BA.5.2_C23016]",0.2691270995266886,0.07066771241078255,3.8083459948765075,0.0001398994333480327,0.13062092833172062,0.4076332707216566
model4,2342672.492817223,2342668.104597796,2342669.65023715,0.5285247869519778,1.0,2293464,True,"C(dz_simd_quintile, Treatment(3))[T.2]:C(wave, Treatment('WV3_AY.4_C983568'))[T.WV6_BA.5.2_C23016]",0.015385880776183952,0.07411174133711919,0.2076038222634214,0.835538319655779,-0.12987046307611802,0.1606422246284859
model4,2342672.492817223,2342668.104597796,2342669.65023715,0.5285247869519778,1.0,2293464,True,"C(dz_simd_quintile, Treatment(3))[T.4]:C(wave, Treatment('WV3_AY.4_C983568'))[T.WV6_BA.5.2_C23016]",-0.18585624838678666,0.0773571546398939,-2.402573482077618,0.01628016335475243,-0.33747348542747424,-0.03423901134609908
model4,2342672.492817223,2342668.104597796,2342669.65023715,0.5285247869519778,1.0,2293464,True,"C(dz_simd_quintile, Treatment(3))[T.5]:C(wave, Treatment('WV3_AY.4_C983568'))[T.WV6_BA.5.2_C23016]",-0.5734587010024956,0.08334482747422996,-6.880555379154247,5.961966263364726e-12,-0.7368115611496907,-0.41010584085530055
model4,2342672.492817223,2342668.104597796,2342669.65023715,0.5285247869519778,1.0,2293464,True,"C(age_group, Treatment('40–59'))[T.00-09]:C(wave, Treatment('WV3_AY.4_C983568'))[T.WV1_B.1.177_C108360]",0.3106430779731873,0.24764951819408978,1.2543657675510909,0.20970908917126374,-0.17474105847592553,0.7960272144223002
model4,2342672.492817223,2342668.104597796,2342669.65023715,0.5285247869519778,1.0,2293464,True,"C(age_group, Treatment('40–59'))[T.10-19]:C(wave, Treatment('WV3_AY.4_C983568'))[T.WV1_B.1.177_C108360]",-0.3163686818052852,0.10557129689261047,-2.9967300877917853,0.002728922147978859,-0.523284621515987,-0.10945274209458339
model4,2342672.492817223,2342668.104597796,2342669.65023715,0.5285247869519778,1.0,2293464,True,"C(age_group, Treatment('40–59'))[T.20-39]:C(wave, Treatment('WV3_AY.4_C983568'))[T.WV1_B.1.177_C108360]",-0.3245688216251653,0.07742187295286102,-4.192210924977001,2.7624897042991366e-05,-0.47631290422840866,-0.172824739021922
model4,2342672.492817223,2342668.104597796,2342669.65023715,0.5285247869519778,1.0,2293464,True,"C(age_group, Treatment('40–59'))[T.60-74]:C(wave, Treatment('WV3_AY.4_C983568'))[T.WV1_B.1.177_C108360]",0.2959803032441272,0.09526031062324468,3.107068424485112,0.0018895265800445127,0.10927352526646933,0.4826870812217851
model4,2342672.492817223,2342668.104597796,2342669.65023715,0.5285247869519778,1.0,2293464,True,"C(age_group, Treatment('40–59'))[T.elderly]:C(wave, Treatment('WV3_AY.4_C983568'))[T.WV1_B.1.177_C108360]",0.3655949296992146,0.09617590756985162,3.8013150999764322,0.0001439301247791626,0.17709361468185228,0.5540962447165769
model4,2342672.492817223,2342668.104597796,2342669.65023715,0.5285247869519778,1.0,2293464,True,"C(age_group, Treatment('40–59'))[T.00-09]:C(wave, Treatment('WV3_AY.4_C983568'))[T.WV6_BA.5.2_C23016]",-0.5035100375028946,0.20869992532754944,-2.4126028637175976,0.015839067339689223,-0.9125543747210901,-0.09446570028469903
model4,2342672.492817223,2342668.104597796,2342669.65023715,0.5285247869519778,1.0,2293464,True,"C(age_group, Treatment('40–59'))[T.10-19]:C(wave, Treatment('WV3_AY.4_C983568'))[T.WV6_BA.5.2_C23016]",0.0375775607716684,0.15298311896956096,0.2456320738181917,0.8059670584269254,-0.26226384265127745,0.33741896419461426
model4,2342672.492817223,2342668.104597796,2342669.65023715,0.5285247869519778,1.0,2293464,True,"C(age_group, Treatment('40–59'))[T.20-39]:C(wave, Treatment('WV3_AY.4_C983568'))[T.WV6_BA.5.2_C23016]",-0.26089203572448155,0.07763461105839489,-3.3605119181732594,0.0007779817407208721,-0.4130530773527106,-0.10873099409625256
model4,2342672.492817223,2342668.104597796,2342669.65023715,0.5285247869519778,1.0,2293464,True,"C(age_group, Treatment('40–59'))[T.60-74]:C(wave, Treatment('WV3_AY.4_C983568'))[T.WV6_BA.5.2_C23016]",0.4251506766609775,0.08260888735101446,5.146548879837401,2.653223523771496e-07,0.2632402326500627,0.5870611206718923
model4,2342672.492817223,2342668.104597796,2342669.65023715,0.5285247869519778,1.0,2293464,True,"C(age_group, Treatment('40–59'))[T.elderly]:C(wave, Treatment('WV3_AY.4_C983568'))[T.WV6_BA.5.2_C23016]",0.7521451744979005,0.08035799185030036,9.359929948213225,7.978957555034117e-21,0.5946464046013487,0.9096439443944524
model4,2342672.492817223,2342668.104597796,2342669.65023715,0.5285247869519778,1.0,2293464,True,"C(dz_simd_quintile, Treatment(3))[T.1]:C(age_group, Treatment('40–59'))[T.00-09]:C(wave, Treatment('WV3_AY.4_C983568'))[T.WV1_B.1.177_C108360]",-0.4781098810058419,0.28833809442871344,-1.65815717813189,0.09728574546083586,-1.0432421614570295,0.08702239944534568
model4,2342672.492817223,2342668.104597796,2342669.65023715,0.5285247869519778,1.0,2293464,True,"C(dz_simd_quintile, Treatment(3))[T.2]:C(age_group, Treatment('40–59'))[T.00-09]:C(wave, Treatment('WV3_AY.4_C983568'))[T.WV1_B.1.177_C108360]",-0.40380542216777154,0.3095339649316572,-1.304559330853817,0.19204294422842771,-1.0104808454257037,0.20287000109016068
model4,2342672.492817223,2342668.104597796,2342669.65023715,0.5285247869519778,1.0,2293464,True,"C(dz_simd_quintile, Treatment(3))[T.4]:C(age_group, Treatment('40–59'))[T.00-09]:C(wave, Treatment('WV3_AY.4_C983568'))[T.WV1_B.1.177_C108360]",-0.6957947199777855,0.3560157246301301,-1.9543932243460784,0.05065473139413513,-1.39357271818277,0.0019832782271989036
model4,2342672.492817223,2342668.104597796,2342669.65023715,0.5285247869519778,1.0,2293464,True,"C(dz_simd_quintile, Treatment(3))[T.5]:C(age_group, Treatment('40–59'))[T.00-09]:C(wave, Treatment('WV3_AY.4_C983568'))[T.WV1_B.1.177_C108360]",-0.31313266717815413,0.339922518548442,-0.9211883593805802,0.356952094665851,-0.979368561067249,0.35310322671094074
model4,2342672.492817223,2342668.104597796,2342669.65023715,0.5285247869519778,1.0,2293464,True,"C(dz_simd_quintile, Treatment(3))[T.1]:C(age_group, Treatment('40–59'))[T.10-19]:C(wave, Treatment('WV3_AY.4_C983568'))[T.WV1_B.1.177_C108360]",0.09995588327231314,0.1432311499306148,0.6978641400333278,0.4852621624087743,-0.18077201205594856,0.38068377860057484
model4,2342672.492817223,2342668.104597796,2342669.65023715,0.5285247869519778,1.0,2293464,True,"C(dz_simd_quintile, Treatment(3))[T.2]:C(age_group, Treatment('40–59'))[T.10-19]:C(wave, Treatment('WV3_AY.4_C983568'))[T.WV1_B.1.177_C108360]",-0.04819042308024825,0.14544844194856796,-0.33132306152367635,0.740400473542233,-0.3332641309069062,0.23688328474640974
model4,2342672.492817223,2342668.104597796,2342669.65023715,0.5285247869519778,1.0,2293464,True,"C(dz_simd_quintile, Treatment(3))[T.4]:C(age_group, Treatment('40–59'))[T.10-19]:C(wave, Treatment('WV3_AY.4_C983568'))[T.WV1_B.1.177_C108360]",0.192925356449831,0.14738409865939575,1.308997091305494,0.19053533601865602,-0.09594216881648276,0.48179288171614476
model4,2342672.492817223,2342668.104597796,2342669.65023715,0.5285247869519778,1.0,2293464,True,"C(dz_simd_quintile, Treatment(3))[T.5]:C(age_group, Treatment('40–59'))[T.10-19]:C(wave, Treatment('WV3_AY.4_C983568'))[T.WV1_B.1.177_C108360]",0.1915648255438331,0.13983917198811932,1.3698938775188714,0.17072003118122214,-0.08251491518078316,0.4656445662684494
model4,2342672.492817223,2342668.104597796,2342669.65023715,0.5285247869519778,1.0,2293464,True,"C(dz_simd_quintile, Treatment(3))[T.1]:C(age_group, Treatment('40–59'))[T.20-39]:C(wave, Treatment('WV3_AY.4_C983568'))[T.WV1_B.1.177_C108360]",0.0812280294073245,0.10017912002296465,0.810827938882914,0.41746448755376653,-0.11511943784060162,0.2775754966552506
model4,2342672.492817223,2342668.104597796,2342669.65023715,0.5285247869519778,1.0,2293464,True,"C(dz_simd_quintile, Treatment(3))[T.2]:C(age_group, Treatment('40–59'))[T.20-39]:C(wave, Treatment('WV3_AY.4_C983568'))[T.WV1_B.1.177_C108360]",-0.09060960900673007,0.10576586710612551,-0.8566999116625438,0.391610752177878,-0.29790689932838565,0.11668768131492552
model4,2342672.492817223,2342668.104597796,2342669.65023715,0.5285247869519778,1.0,2293464,True,"C(dz_simd_quintile, Treatment(3))[T.4]:C(age_group, Treatment('40–59'))[T.20-39]:C(wave, Treatment('WV3_AY.4_C983568'))[T.WV1_B.1.177_C108360]",-0.26389134599692293,0.10995311107060977,-2.4000352825620093,0.01639349164329038,-0.4793954836834504,-0.048387208310395474
model4,2342672.492817223,2342668.104597796,2342669.65023715,0.5285247869519778,1.0,2293464,True,"C(dz_simd_quintile, Treatment(3))[T.5]:C(age_group, Treatment('40–59'))[T.20-39]:C(wave, Treatment('WV3_AY.4_C983568'))[T.WV1_B.1.177_C108360]",-0.06180394104935498,0.1113024210398644,-0.5552793952902345,0.5787035701253107,-0.27995267767960236,0.15634479558089243
model4,2342672.492817223,2342668.104597796,2342669.65023715,0.5285247869519778,1.0,2293464,True,"C(dz_simd_quintile, Treatment(3))[T.1]:C(age_group, Treatment('40–59'))[T.60-74]:C(wave, Treatment('WV3_AY.4_C983568'))[T.WV1_B.1.177_C108360]",-0.16433748364635148,0.12460298790204172,-1.3188887876071445,0.18720629515796006,-0.4085548523004333,0.07987988500773036
model4,2342672.492817223,2342668.104597796,2342669.65023715,0.5285247869519778,1.0,2293464,True,"C(dz_simd_quintile, Treatment(3))[T.2]:C(age_group, Treatment('40–59'))[T.60-74]:C(wave, Treatment('WV3_AY.4_C983568'))[T.WV1_B.1.177_C108360]",-0.017393928680210242,0.13122914248287001,-0.13254623440430358,0.8945522558249337,-0.2745983216687106,0.23981046430829014
model4,2342672.492817223,2342668.104597796,2342669.65023715,0.5285247869519778,1.0,2293464,True,"C(dz_simd_quintile, Treatment(3))[T.4]:C(age_group, Treatment('40–59'))[T.60-74]:C(wave, Treatment('WV3_AY.4_C983568'))[T.WV1_B.1.177_C108360]",-0.3512023644896137,0.14014363675566263,-2.506017202207528,0.012209967933177827,-0.6258788451931763,-0.07652588378605124
model4,2342672.492817223,2342668.104597796,2342669.65023715,0.5285247869519778,1.0,2293464,True,"C(dz_simd_quintile, Treatment(3))[T.5]:C(age_group, Treatment('40–59'))[T.60-74]:C(wave, Treatment('WV3_AY.4_C983568'))[T.WV1_B.1.177_C108360]",-0.043388163300131566,0.14172874389690662,-0.30613524192165337,0.7595016760394167,-0.32117139691216956,0.23439507031190643
model4,2342672.492817223,2342668.104597796,2342669.65023715,0.5285247869519778,1.0,2293464,True,"C(dz_simd_quintile, Treatment(3))[T.1]:C(age_group, Treatment('40–59'))[T.elderly]:C(wave, Treatment('WV3_AY.4_C983568'))[T.WV1_B.1.177_C108360]",0.11874186091565898,0.13029707356611145,0.911316406929205,0.3621286841128428,-0.13663571056488538,0.3741194323962033
model4,2342672.492817223,2342668.104597796,2342669.65023715,0.5285247869519778,1.0,2293464,True,"C(dz_simd_quintile, Treatment(3))[T.2]:C(age_group, Treatment('40–59'))[T.elderly]:C(wave, Treatment('WV3_AY.4_C983568'))[T.WV1_B.1.177_C108360]",0.07487200313199155,0.13488353641568118,0.5550862997931238,0.5788356331831458,-0.1894948703501404,0.3392388766141235
model4,2342672.492817223,2342668.104597796,2342669.65023715,0.5285247869519778,1.0,2293464,True,"C(dz_simd_quintile, Treatment(3))[T.4]:C(age_group, Treatment('40–59'))[T.elderly]:C(wave, Treatment('WV3_AY.4_C983568'))[T.WV1_B.1.177_C108360]",0.2502896575465019,0.14028817768996718,1.78411083291448,0.0744056573489761,-0.024670118182589296,0.525249433275593
model4,2342672.492817223,2342668.104597796,2342669.65023715,0.5285247869519778,1.0,2293464,True,"C(dz_simd_quintile, Treatment(3))[T.5]:C(age_group, Treatment('40–59'))[T.elderly]:C(wave, Treatment('WV3_AY.4_C983568'))[T.WV1_B.1.177_C108360]",0.4632817084848752,0.1421056431724003,3.2601218230498366,0.0011136436960740592,0.18475976586707038,0.74180365110268
model4,2342672.492817223,2342668.104597796,2342669.65023715,0.5285247869519778,1.0,2293464,True,"C(dz_simd_quintile, Treatment(3))[T.1]:C(age_group, Treatment('40–59'))[T.00-09]:C(wave, Treatment('WV3_AY.4_C983568'))[T.WV6_BA.5.2_C23016]",0.6397584848391846,0.2725426325377044,2.347370313709282,0.018906453593167727,0.10558474081354974,1.1739322288648195
model4,2342672.492817223,2342668.104597796,2342669.65023715,0.5285247869519778,1.0,2293464,True,"C(dz_simd_quintile, Treatment(3))[T.2]:C(age_group, Treatment('40–59'))[T.00-09]:C(wave, Treatment('WV3_AY.4_C983568'))[T.WV6_BA.5.2_C23016]",1.361959574630175,0.2635180495852218,5.168373008125642,2.3614065704388737e-07,0.8454736881669,1.8784454610934498
model4,2342672.492817223,2342668.104597796,2342669.65023715,0.5285247869519778,1.0,2293464,True,"C(dz_simd_quintile, Treatment(3))[T.4]:C(age_group, Treatment('40–59'))[T.00-09]:C(wave, Treatment('WV3_AY.4_C983568'))[T.WV6_BA.5.2_C23016]",0.4522652029832415,0.2887329058694609,1.5663791476116522,0.1172598817141304,-0.11364089367249536,1.0181712996389785
model4,2342672.492817223,2342668.104597796,2342669.65023715,0.5285247869519778,1.0,2293464,True,"C(dz_simd_quintile, Treatment(3))[T.5]:C(age_group, Treatment('40–59'))[T.00-09]:C(wave, Treatment('WV3_AY.4_C983568'))[T.WV6_BA.5.2_C23016]",0.511371787745759,0.3292279643799571,1.553245298311271,0.12036454316259279,-0.13390316514239275,1.1566467406339107
model4,2342672.492817223,2342668.104597796,2342669.65023715,0.5285247869519778,1.0,2293464,True,"C(dz_simd_quintile, Treatment(3))[T.1]:C(age_group, Treatment('40–59'))[T.10-19]:C(wave, Treatment('WV3_AY.4_C983568'))[T.WV6_BA.5.2_C23016]",0.07940950180742053,0.21097065151650973,0.37640070425248817,0.7066190225131108,-0.3340853769598891,0.4929043805747301
model4,2342672.492817223,2342668.104597796,2342669.65023715,0.5285247869519778,1.0,2293464,True,"C(dz_simd_quintile, Treatment(3))[T.2]:C(age_group, Treatment('40–59'))[T.10-19]:C(wave, Treatment('WV3_AY.4_C983568'))[T.WV6_BA.5.2_C23016]",0.4757267872336375,0.23062620842970072,2.0627611687014666,0.03913532506971651,0.023707724820396237,0.9277458496468787
model4,2342672.492817223,2342668.104597796,2342669.65023715,0.5285247869519778,1.0,2293464,True,"C(dz_simd_quintile, Treatment(3))[T.4]:C(age_group, Treatment('40–59'))[T.10-19]:C(wave, Treatment('WV3_AY.4_C983568'))[T.WV6_BA.5.2_C23016]",0.17846247325122933,0.20889369593674076,0.8543219672137597,0.3929266188804803,-0.23096164738224362,0.5878865938847022
model4,2342672.492817223,2342668.104597796,2342669.65023715,0.5285247869519778,1.0,2293464,True,"C(dz_simd_quintile, Treatment(3))[T.5]:C(age_group, Treatment('40–59'))[T.10-19]:C(wave, Treatment('WV3_AY.4_C983568'))[T.WV6_BA.5.2_C23016]",0.8736926303194481,0.2032175458072135,4.299297222830821,1.7134056172165896e-05,0.475393559510691,1.2719917011282051
model4,2342672.492817223,2342668.104597796,2342669.65023715,0.5285247869519778,1.0,2293464,True,"C(dz_simd_quintile, Treatment(3))[T.1]:C(age_group, Treatment('40–59'))[T.20-39]:C(wave, Treatment('WV3_AY.4_C983568'))[T.WV6_BA.5.2_C23016]",0.06777792443947364,0.09987821660690216,0.678605673409569,0.4973877471143695,-0.12797978295014492,0.26353563182909223
model4,2342672.492817223,2342668.104597796,2342669.65023715,0.5285247869519778,1.0,2293464,True,"C(dz_simd_quintile, Treatment(3))[T.2]:C(age_group, Treatment('40–59'))[T.20-39]:C(wave, Treatment('WV3_AY.4_C983568'))[T.WV6_BA.5.2_C23016]",0.3330887578806895,0.10402539783033153,3.201994559289905,0.0013647957576226025,0.1292027246557886,0.5369747911055903
model4,2342672.492817223,2342668.104597796,2342669.65023715,0.5285247869519778,1.0,2293464,True,"C(dz_simd_quintile, Treatment(3))[T.4]:C(age_group, Treatment('40–59'))[T.20-39]:C(wave, Treatment('WV3_AY.4_C983568'))[T.WV6_BA.5.2_C23016]",-0.007010427529696958,0.11471625249367934,-0.061111022869956635,0.9512707905791523,-0.23185015085871163,0.2178292957993177
model4,2342672.492817223,2342668.104597796,2342669.65023715,0.5285247869519778,1.0,2293464,True,"C(dz_simd_quintile, Treatment(3))[T.5]:C(age_group, Treatment('40–59'))[T.20-39]:C(wave, Treatment('WV3_AY.4_C983568'))[T.WV6_BA.5.2_C23016]",0.1977570977180492,0.1228277034251526,1.6100365976357789,0.10738986691888772,-0.04298077729901695,0.43849497273511534
model4,2342672.492817223,2342668.104597796,2342669.65023715,0.5285247869519778,1.0,2293464,True,"C(dz_simd_quintile, Treatment(3))[T.1]:C(age_group, Treatment('40–59'))[T.60-74]:C(wave, Treatment('WV3_AY.4_C983568'))[T.WV6_BA.5.2_C23016]",-0.14093095448518078,0.11386337287949805,-1.237719829662243,0.21581996383290014,-0.3640990644872517,0.08223715551689015
model4,2342672.492817223,2342668.104597796,2342669.65023715,0.5285247869519778,1.0,2293464,True,"C(dz_simd_quintile, Treatment(3))[T.2]:C(age_group, Treatment('40–59'))[T.60-74]:C(wave, Treatment('WV3_AY.4_C983568'))[T.WV6_BA.5.2_C23016]",-0.02017296441762168,0.11395243721515357,-0.17702968809287606,0.8594850701329566,-0.2435156373098844,0.20316970847464105
model4,2342672.492817223,2342668.104597796,2342669.65023715,0.5285247869519778,1.0,2293464,True,"C(dz_simd_quintile, Treatment(3))[T.4]:C(age_group, Treatment('40–59'))[T.60-74]:C(wave, Treatment('WV3_AY.4_C983568'))[T.WV6_BA.5.2_C23016]",-0.23036342378906194,0.1192803925906161,-1.9312765391349396,0.05344886309057533,-0.4641486973284678,0.0034218497503439305
model4,2342672.492817223,2342668.104597796,2342669.65023715,0.5285247869519778,1.0,2293464,True,"C(dz_simd_quintile, Treatment(3))[T.5]:C(age_group, Treatment('40–59'))[T.60-74]:C(wave, Treatment('WV3_AY.4_C983568'))[T.WV6_BA.5.2_C23016]",0.5693951506032457,0.12154004122730996,4.684835917887636,2.8018429729467897e-06,0.33118104711820484,0.8076092540882867
model4,2342672.492817223,2342668.104597796,2342669.65023715,0.5285247869519778,1.0,2293464,True,"C(dz_simd_quintile, Treatment(3))[T.1]:C(age_group, Treatment('40–59'))[T.elderly]:C(wave, Treatment('WV3_AY.4_C983568'))[T.WV6_BA.5.2_C23016]",-0.09866253737246412,0.11451834625124474,-0.8615435046189529,0.38893877122208564,-0.3231143715939913,0.1257892968490631
model4,2342672.492817223,2342668.104597796,2342669.65023715,0.5285247869519778,1.0,2293464,True,"C(dz_simd_quintile, Treatment(3))[T.2]:C(age_group, Treatment('40–59'))[T.elderly]:C(wave, Treatment('WV3_AY.4_C983568'))[T.WV6_BA.5.2_C23016]",0.12352842497649406,0.11205911019504684,1.1023505787390606,0.27030928835186296,-0.09610339514540293,0.34316024509839105
model4,2342672.492817223,2342668.104597796,2342669.65023715,0.5285247869519778,1.0,2293464,True,"C(dz_simd_quintile, Treatment(3))[T.4]:C(age_group, Treatment('40–59'))[T.elderly]:C(wave, Treatment('WV3_AY.4_C983568'))[T.WV6_BA.5.2_C23016]",0.28630088441320073,0.11562036703897666,2.4762149761787744,0.013278359898742945,0.059689129137504515,0.512912639688897
model4,2342672.492817223,2342668.104597796,2342669.65023715,0.5285247869519778,1.0,2293464,True,"C(dz_simd_quintile, Treatment(3))[T.5]:C(age_group, Treatment('40–59'))[T.elderly]:C(wave, Treatment('WV3_AY.4_C983568'))[T.WV6_BA.5.2_C23016]",0.6472636546932004,0.1213516411702608,5.33378575230858,9.618600477305186e-08,0.4094188085346611,0.8851085008517396
model4,2342672.492817223,2342668.104597796,2342669.65023715,0.5285247869519778,1.0,2293464,True,is_female,-0.0313786598883136,0.007515587051296558,-4.1751442268106365,2.977973227637946e-05,-0.046108939831530436,-0.016648379945096763
model4,2342672.492817223,2342668.104597796,2342669.65023715,0.5285247869519778,1.0,2293464,True,resolution,-4.661679448370593,0.011910125040118298,-391.40474450672014,0.0,-4.685022864500593,-4.638336032240592
