selection_reason,cluster_id,n_cases,centroid_x,centroid_y,mean_dist_centroid,median_dist_centroid,max_dist_centroid,sd_x,sd_y,n_datazones,min_collection_date,max_collection_date,median_collection_date,date_range_days,wn_mid_date,dominant_sex,dominant_sex_prop,sex_entropy,dominant_age_band,dominant_age_band_prop,age_entropy,n_age_bands_present,dominant_simd_quintile,dominant_simd_prop,simd_entropy,prop_simd_q1,prop_simd_q5,mean_simd,median_simd,n_simd_quintiles,dominant_health_board,dominant_hb_prop,hb_entropy,n_health_boards,is_multi_board,dominant_lineage,dominant_lineage_prop,lineage_entropy,n_lineages,is_mixed_lineage,size_type,spatial_type,age_type,deprivation_type,geographic_type,lineage_type,temporal_type,meta_cluster
largest,W077|BA.1|R0.3|C10,2841.0,286109.2301217227,687400.5501520184,61202.66295993879,42974.89776523118,504222.2165721855,44484.062498051455,65580.11364110513,2127.0,2021-12-25,2022-01-07,2021-12-30,13,2021-12-28,Female,0.5441745864132348,0.6892392992195905,20-24,0.12917986624428018,2.6471334910987463,16,1.0,0.23829637451601549,1.6041877107083555,0.23829637451601549,0.1805702217529039,2.8753959873284054,3.0,5.0,Greater Glasgow and Clyde,0.29179866244280184,2.1667093273403206,14,1,BA.1,1.0,-0.0,1,0,very_large,spatially_dispersed,age_mixed,mixed_deprivation,multi_board,lineage_pure,long_lived,
largest,W048|AY.4|R0.3|C1,2500.0,285610.18006926787,679371.2648863252,48961.65919380462,38742.85245462656,297135.1584116569,40877.09644259439,39505.16686558629,1406.0,2021-05-29,2021-06-11,2021-06-04,13,2021-06-08,Male,0.5064,0.6930652583228365,20-24,0.1888,2.4938138003664507,16,1.0,0.2384,1.6044919220269325,0.2384,0.1896,2.8848,3.0,5.0,Greater Glasgow and Clyde,0.3304,1.844050492853156,12,1,AY.4,1.0,-0.0,1,0,very_large,spatially_dispersed,age_mixed,mixed_deprivation,multi_board,lineage_pure,long_lived,
largest,W078|BA.1|R0.3|C1,2166.0,285789.04832496715,689733.4550353707,61921.38571664507,43996.935383709766,502085.16175914515,44438.52280170302,65528.77418766863,1701.0,2021-12-25,2022-01-04,2021-12-29,10,2022-01-04,Female,0.5406278855032317,0.6898422880199725,20-24,0.1329639889196676,2.6369904369439934,16,1.0,0.23268698060941828,1.6057563492625515,0.23268698060941828,0.19113573407202217,2.912742382271468,3.0,5.0,Greater Glasgow and Clyde,0.2876269621421976,2.1544916607676026,14,1,BA.1,1.0,-0.0,1,0,very_large,spatially_dispersed,age_mixed,mixed_deprivation,multi_board,lineage_pure,long_lived,
large_compact,W041|B.1.1.7|R0.3|C140,38.0,309894.83823384886,724855.6394103154,5682.90594365929,992.5962705512936,43545.72240760533,8092.036971302829,8289.520273693886,18.0,2021-04-17,2021-04-30,2021-04-23,13,2021-04-20,Female,0.5526315789473685,0.6875967375909238,30-34,0.2631578947368421,1.9096604215404311,9,1.0,0.3157894736842105,1.5701457514377792,0.3157894736842105,0.15789473684210525,2.6842105263157894,2.5,5.0,Tayside,0.9736842105263158,0.12169240267806193,2,1,B.1.1.7,1.0,-0.0,1,0,large,spatially_compact,intermediate_age_mix,mixed_deprivation,multi_board,lineage_pure,long_lived,
large_compact,W042|B.1.1.7|R0.3|C34,38.0,309894.83823384886,724855.6394103154,5682.90594365929,992.5962705512936,43545.72240760533,8092.036971302829,8289.520273693886,18.0,2021-04-17,2021-04-30,2021-04-23,13,2021-04-27,Female,0.5526315789473685,0.6875967375909238,30-34,0.2631578947368421,1.9096604215404311,9,1.0,0.3157894736842105,1.5701457514377792,0.3157894736842105,0.15789473684210525,2.6842105263157894,2.5,5.0,Tayside,0.9736842105263158,0.12169240267806193,2,1,B.1.1.7,1.0,-0.0,1,0,large,spatially_compact,intermediate_age_mix,mixed_deprivation,multi_board,lineage_pure,long_lived,
large_compact,W039|B.1.1.7|R0.3|C1,44.0,289852.09791193076,693831.8626493149,1498.3897276834423,1228.2719653950799,10463.818073948232,2568.5048478281647,997.3249351557788,10.0,2021-03-27,2021-04-04,2021-03-29,8,2021-04-06,Female,0.6363636363636364,0.6554817739013927,05-09,0.25,2.1624205603686755,12,1.0,0.45454545454545453,1.0292899679346355,0.45454545454545453,0.045454545454545456,1.75,2.0,5.0,Forth Valley,0.9772727272727273,0.10847133903591605,2,1,B.1.1.7,1.0,-0.0,1,0,large,spatially_compact,age_mixed,predominantly_deprived,multi_board,lineage_pure,intermediate_duration,
large_dispersed,W037|B.1.1.7|R0.3|C9,80.0,328375.9948425998,778778.9506262359,153640.9543444122,157027.09039563872,405529.08001838654,82408.18682888581,168988.97668187035,44.0,2021-03-13,2021-03-24,2021-03-17,11,2021-03-23,Female,0.575,0.6818546087307834,15-19,0.225,2.4144596464230044,13,5.0,0.3875,1.5132960896461658,0.1625,0.3875,3.45,4.0,5.0,Grampian,0.4125,1.2482710883108135,7,1,B.1.1.7,1.0,-0.0,1,0,large,spatially_dispersed,age_mixed,predominantly_affluent,multi_board,lineage_pure,long_lived,
large_dispersed,W085|BA.1.1.15|R0.3|C73,55.0,242888.1690907686,829665.0183529769,126789.6524623977,144440.36909489098,231919.7104123038,83037.71601767241,108739.57081656966,48.0,2022-02-28,2022-03-04,2022-03-02,4,2022-02-22,Female,0.6181818181818182,0.664947202884446,25-29,0.16363636363636364,2.368492539058842,13,3.0,0.509090909090909,1.2708478173930393,0.10909090909090909,0.01818181818181818,2.7454545454545456,3.0,5.0,Western Isles,0.34545454545454546,1.8147498776776105,10,1,BA.1.1.15,1.0,-0.0,1,0,large,spatially_dispersed,age_mixed,mixed_deprivation,multi_board,lineage_pure,short_lived,
large_dispersed,W084|BA.1.1.15|R0.3|C52,175.0,254575.06963150296,822644.9848254566,109145.95765423456,143130.9991455266,265970.9093408747,66217.51791406021,106869.93387425989,124.0,2022-02-17,2022-02-25,2022-02-22,8,2022-02-15,Female,0.5771428571428572,0.6811974647916526,25-29,0.1657142857142857,2.5614100928466406,16,3.0,0.37714285714285717,1.48073656825931,0.09142857142857143,0.10857142857142857,2.9771428571428573,3.0,5.0,Highland,0.4228571428571429,1.749810188522824,10,1,BA.1.1.15,1.0,-0.0,1,0,very_large,spatially_dispersed,age_mixed,mixed_deprivation,multi_board,lineage_pure,intermediate_duration,
age_homogeneous,W082|BA.1.1|R0.3|C1197,15.0,272766.8159954406,663587.9764776486,3678.8169935142037,3351.1839596428717,11128.972023791659,2635.975363781609,3694.9823080628335,9.0,2022-02-07,2022-02-11,2022-02-10,4,2022-02-01,Female,0.6666666666666666,0.6365141682948128,75+,1.0,-0.0,1,1.0,0.5333333333333333,1.194453006323357,0.5333333333333333,0.0,1.9333333333333333,1.0,4.0,Lanarkshire,1.0,-0.0,1,0,BA.1.1,1.0,-0.0,1,0,moderate_or_small,spatially_compact,age_homogeneous,predominantly_deprived,single_board,lineage_pure,short_lived,
age_homogeneous,W113|BA.5.2|R0.3|C31,9.0,299434.6034213791,730276.2558370263,20569.933430945843,19106.244319290225,31014.224436398254,18833.076631374402,12869.187190395398,8.0,2022-08-30,2022-09-05,2022-08-30,6,2022-09-06,Female,0.5555555555555556,0.6869615765973234,75+,1.0,-0.0,1,4.0,0.4444444444444444,1.2730283365896258,0.0,0.1111111111111111,3.4444444444444446,4.0,4.0,Tayside,1.0,-0.0,1,0,BA.5.2,1.0,-0.0,1,0,moderate_or_small,intermediate_spread,age_homogeneous,predominantly_affluent,single_board,lineage_pure,intermediate_duration,
age_homogeneous,W116|BA.5.2|R0.3|C11,9.0,305022.9897449541,730196.8447517474,10395.64250446897,7671.098800840355,29902.887926810014,6623.531662490625,11788.887890629429,6.0,2022-09-18,2022-09-22,2022-09-20,4,2022-09-27,Female,0.8888888888888888,0.34883209584303193,75+,1.0,-0.0,1,3.0,0.5555555555555556,0.9368883075390159,0.0,0.3333333333333333,3.7777777777777777,3.0,3.0,Tayside,1.0,-0.0,1,0,BA.5.2,1.0,-0.0,1,0,moderate_or_small,intermediate_spread,age_homogeneous,predominantly_affluent,single_board,lineage_pure,short_lived,
age_mixed,W079|BA.1.15|R0.3|C117,372.0,307113.79211621056,700881.4462789187,73092.14283876334,58948.85616585762,189550.5403846736,51988.40721699838,66672.77002190892,315.0,2022-01-10,2022-01-19,2022-01-14,9,2022-01-11,Female,0.5026881720430108,0.6931327279524535,75+,0.10483870967741936,2.733142700556548,16,1.0,0.2661290322580645,1.5758453829007006,0.2661290322580645,0.1639784946236559,2.7204301075268815,2.0,5.0,Grampian,0.20161290322580644,2.0707866124386602,11,1,BA.1.15,1.0,-0.0,1,0,very_large,spatially_dispersed,age_mixed,mixed_deprivation,multi_board,lineage_pure,long_lived,
age_mixed,W080|BA.1.15|R0.3|C1,395.0,305771.8054599095,698880.4721469396,70972.82713018543,56502.1205095595,191951.15500170342,50925.31783863302,65767.27638583939,332.0,2022-01-08,2022-01-18,2022-01-13,10,2022-01-18,Female,0.5088607594936709,0.6929901462222361,75+,0.11139240506329114,2.731717803358396,16,1.0,0.2759493670886076,1.5747228253450374,0.2759493670886076,0.15443037974683543,2.681012658227848,2.0,5.0,Greater Glasgow and Clyde,0.19746835443037974,2.07373940466152,11,1,BA.1.15,1.0,-0.0,1,0,very_large,spatially_dispersed,age_mixed,mixed_deprivation,multi_board,lineage_pure,long_lived,
age_mixed,W080|BA.1|R0.3|C1,1192.0,290452.6993165465,687790.2101343359,63399.83312248806,43466.220991239185,478746.3265530308,45980.8250366741,66255.99183004435,988.0,2022-01-08,2022-01-18,2022-01-13,10,2022-01-18,Female,0.5419463087248322,0.6896240555109672,75+,0.11409395973154363,2.7226183976387848,16,1.0,0.276006711409396,1.5834301147471777,0.276006711409396,0.13506711409395974,2.690436241610738,3.0,5.0,Greater Glasgow and Clyde,0.2516778523489933,2.2201166681150664,13,1,BA.1,1.0,-0.0,1,0,very_large,spatially_dispersed,age_mixed,mixed_deprivation,multi_board,lineage_pure,long_lived,
sex_skewed,W065|AY.4|R0.3|C952,43.0,288424.0699281668,666084.6370530154,22693.035939348087,16503.274501186283,85186.90975220483,21591.97925260218,17792.952803019652,38.0,2021-10-14,2021-10-15,2021-10-14,1,2021-10-05,Male,1.0,-0.0,35-39,0.3023255813953488,1.7733068164457144,8,1.0,0.46511627906976744,1.2609238965004863,0.46511627906976744,0.0,1.9767441860465116,2.0,4.0,Lothian,0.4186046511627907,1.1706006598220613,4,1,AY.4,1.0,-0.0,1,0,large,intermediate_spread,intermediate_age_mix,predominantly_deprived,multi_board,lineage_pure,short_lived,
sex_skewed,W066|AY.4|R0.3|C723,43.0,288424.0699281668,666084.6370530154,22693.035939348087,16503.274501186283,85186.90975220483,21591.97925260218,17792.952803019652,38.0,2021-10-14,2021-10-15,2021-10-14,1,2021-10-12,Male,1.0,-0.0,35-39,0.3023255813953488,1.7733068164457144,8,1.0,0.46511627906976744,1.2609238965004863,0.46511627906976744,0.0,1.9767441860465116,2.0,4.0,Lothian,0.4186046511627907,1.1706006598220613,4,1,AY.4,1.0,-0.0,1,0,large,intermediate_spread,intermediate_age_mix,predominantly_deprived,multi_board,lineage_pure,short_lived,
sex_skewed,W067|AY.4|R0.3|C269,43.0,288424.0699281668,666084.6370530154,22693.035939348087,16503.274501186283,85186.90975220483,21591.97925260218,17792.952803019652,38.0,2021-10-14,2021-10-15,2021-10-14,1,2021-10-19,Male,1.0,-0.0,35-39,0.3023255813953488,1.7733068164457144,8,1.0,0.46511627906976744,1.2609238965004863,0.46511627906976744,0.0,1.9767441860465116,2.0,4.0,Lothian,0.4186046511627907,1.1706006598220613,4,1,AY.4,1.0,-0.0,1,0,large,intermediate_spread,intermediate_age_mix,predominantly_deprived,multi_board,lineage_pure,short_lived,
most_deprived,W006|B.1.441|R0.3|C1,9.0,244539.81177965566,659878.9480519118,17245.480176245554,13764.605201655211,25480.142420859775,13452.333669180825,13861.454545280585,4.0,2020-08-10,2020-08-18,2020-08-10,8,2020-08-18,Female,0.6666666666666666,0.6365141682948128,65-69,0.4444444444444444,1.5810937501718239,6,1.0,1.0,-0.0,1.0,0.0,1.0,1.0,1.0,Greater Glasgow and Clyde,0.6666666666666666,0.6365141682948128,2,1,B.1.441,1.0,-0.0,1,0,moderate_or_small,intermediate_spread,intermediate_age_mix,predominantly_deprived,multi_board,lineage_pure,intermediate_duration,
most_deprived,W036|B.1.1.7|R0.3|C578,9.0,261268.19051400805,667981.6223924237,983.6078803594313,812.6526103880551,3506.1472410257843,1256.4347667069994,685.1545299430416,4.0,2021-03-19,2021-03-26,2021-03-24,7,2021-03-16,Male,0.5555555555555556,0.6869615765973234,45-49,0.2222222222222222,1.8891591637540217,7,1.0,1.0,-0.0,1.0,0.0,1.0,1.0,1.0,Greater Glasgow and Clyde,1.0,-0.0,1,0,B.1.1.7,1.0,-0.0,1,0,moderate_or_small,spatially_compact,intermediate_age_mix,predominantly_deprived,single_board,lineage_pure,intermediate_duration,
most_deprived,W038|B.1.1.7|R0.3|C88,9.0,258822.42521143518,666623.2001662133,6357.946407147769,4399.819468891393,21886.739457160435,8021.726097835716,3991.1686316137675,4.0,2021-03-20,2021-03-25,2021-03-22,5,2021-03-30,Female,0.5555555555555556,0.6869615765973234,15-19,0.2222222222222222,1.8891591637540217,7,1.0,1.0,-0.0,1.0,0.0,1.0,1.0,1.0,Greater Glasgow and Clyde,1.0,-0.0,1,0,B.1.1.7,1.0,-0.0,1,0,moderate_or_small,spatially_compact,intermediate_age_mix,predominantly_deprived,single_board,lineage_pure,short_lived,
least_deprived,W080|BA.2.23|R0.3|C1,12.0,324440.1674790504,671258.8798802932,2226.761053366243,1762.3401645476742,5534.253828311057,2503.579038770626,1360.8805176513868,11.0,2022-01-19,2022-01-27,2022-01-25,8,2022-01-18,Female,0.5,0.6931471805599453,05-09,0.3333333333333333,1.6326309271543518,6,5.0,1.0,-0.0,0.0,1.0,5.0,5.0,1.0,Lothian,1.0,-0.0,1,0,BA.2.23,1.0,-0.0,1,0,moderate_or_small,spatially_compact,intermediate_age_mix,predominantly_affluent,single_board,lineage_pure,intermediate_duration,
least_deprived,W037|B.1.1.7|R0.3|C431,11.0,332980.4731020439,711608.5932538152,29291.98565094247,17666.43495355977,103689.19420291568,39371.20818204507,11981.176759413758,5.0,2021-03-23,2021-03-31,2021-03-27,8,2021-03-23,Female,0.5454545454545454,0.6890092384766586,15-19,0.7272727272727273,0.5859526183035508,2,5.0,1.0,-0.0,0.0,1.0,5.0,5.0,1.0,Fife,0.8181818181818182,0.6001660731596457,3,1,B.1.1.7,1.0,-0.0,1,0,moderate_or_small,intermediate_spread,age_homogeneous,predominantly_affluent,multi_board,lineage_pure,intermediate_duration,
least_deprived,W038|B.1.1.7|R0.3|C273,9.0,341967.63229976426,714545.1023450014,14865.395862709971,8217.315929315857,66885.78289768028,24267.479863718032,6355.186020533983,3.0,2021-03-26,2021-04-02,2021-03-27,7,2021-03-30,Female,0.5555555555555556,0.6869615765973234,15-19,0.6666666666666666,0.6365141682948128,2,5.0,1.0,-0.0,0.0,1.0,5.0,5.0,1.0,Fife,0.8888888888888888,0.34883209584303193,2,1,B.1.1.7,1.0,-0.0,1,0,moderate_or_small,intermediate_spread,age_homogeneous,predominantly_affluent,multi_board,lineage_pure,intermediate_duration,
simd_mixed,W085|BA.1.13|R0.3|C1,15.0,253724.6055552318,658044.3612244546,24623.070171818777,13701.965809197516,116067.3991053935,22806.906603915308,30699.720771989352,14.0,2022-02-14,2022-02-23,2022-02-18,9,2022-02-22,Female,0.6,0.6730116670092565,05-09,0.2,2.3034884952192693,11,1.0,0.2,1.6094379124341005,0.2,0.2,3.0,3.0,5.0,Greater Glasgow and Clyde,0.4666666666666667,1.1710598699903711,4,1,BA.1.13,1.0,-0.0,1,0,moderate_or_small,intermediate_spread,age_mixed,mixed_deprivation,multi_board,lineage_pure,long_lived,
simd_mixed,W040|B.1.1.7|R0.3|C301,10.0,283226.9792350185,663524.1790145106,19681.97095946609,22806.052236422183,34695.99214514253,13456.274438786513,18028.63922931613,7.0,2021-04-14,2021-04-22,2021-04-16,8,2021-04-13,Female,0.5,0.6931471805599453,35-39,0.4,1.6094379124341,6,1.0,0.2,1.6094379124341005,0.2,0.2,3.0,3.0,5.0,Lanarkshire,0.6,1.0888999753452235,4,1,B.1.1.7,1.0,-0.0,1,0,moderate_or_small,intermediate_spread,intermediate_age_mix,mixed_deprivation,multi_board,lineage_pure,intermediate_duration,
simd_mixed,W041|B.1.1.7|R0.3|C50,10.0,283226.9792350185,663524.1790145106,19681.97095946609,22806.052236422183,34695.99214514253,13456.274438786513,18028.63922931613,7.0,2021-04-14,2021-04-22,2021-04-16,8,2021-04-20,Female,0.5,0.6931471805599453,35-39,0.4,1.6094379124341,6,1.0,0.2,1.6094379124341005,0.2,0.2,3.0,3.0,5.0,Lanarkshire,0.6,1.0888999753452235,4,1,B.1.1.7,1.0,-0.0,1,0,moderate_or_small,intermediate_spread,intermediate_age_mix,mixed_deprivation,multi_board,lineage_pure,intermediate_duration,
multi_board,W075|BA.1|R0.3|C4,1946.0,279632.3235604933,676910.7352850655,45936.34560618481,31761.968018725798,494403.5856037269,40506.665178837175,49590.023382584666,1512.0,2021-12-10,2021-12-24,2021-12-18,14,2021-12-14,Female,0.5344295991778006,0.6907745088426747,20-24,0.14388489208633093,2.5477412005292934,16,5.0,0.2147995889003083,1.6082244694951924,0.19784172661870503,0.2147995889003083,3.052415210688592,3.0,5.0,Greater Glasgow and Clyde,0.328365878725591,1.965307972879905,14,1,BA.1,1.0,-0.0,1,0,very_large,intermediate_spread,age_mixed,mixed_deprivation,multi_board,lineage_pure,long_lived,
meta_representative,W086|BA.1.1|R0.3|C553,8.0,255402.79546534666,643623.970647555,24817.08508476594,23916.902878558583,31668.088264397848,15226.352951030667,22140.448137584324,6.0,2022-02-20,2022-02-25,2022-02-24,5,2022-03-01,Female,0.875,0.37677016125643675,20-24,0.375,1.4941751382893085,5,2.0,0.375,1.3208883431493221,0.25,0.125,2.625,2.0,4.0,Ayrshire and Arran,0.625,0.9002560512685369,3,1,BA.1.1,1.0,-0.0,1,0,moderate_or_small,intermediate_spread,intermediate_age_mix,mixed_deprivation,multi_board,lineage_pure,short_lived,0.0
meta_representative,W050|AY.4|R0.3|C87,33.0,299363.3758426552,680353.9777263292,36609.14211744564,25900.989207047543,147782.6536969911,34392.9828275705,29450.211585028184,31.0,2021-06-21,2021-07-01,2021-06-28,10,2021-06-22,Male,0.5757575757575758,0.6816244336247836,20-24,0.21212121212121213,2.1621826992346715,11,5.0,0.2727272727272727,1.476281594609191,0.24242424242424243,0.2727272727272727,3.0303030303030303,3.0,5.0,Lothian,0.45454545454545453,1.2535637658317436,5,1,AY.4,1.0,-0.0,1,0,large,intermediate_spread,age_mixed,mixed_deprivation,multi_board,lineage_pure,long_lived,1.0
meta_representative,W071|AY.4|R0.3|C212,6.0,272707.8128247607,668273.6956403445,9483.469754479729,6874.78377432171,25760.044248532104,6793.884290986676,11937.280703297085,6.0,2021-11-07,2021-11-15,2021-11-15,8,2021-11-16,Male,0.6666666666666666,0.6365141682948128,30-34,0.3333333333333333,1.5607104090414063,5,1.0,0.5,1.0114042647073518,0.5,0.0,2.1666666666666665,1.5,3.0,Lanarkshire,0.8333333333333334,0.45056120886630463,2,1,AY.4,1.0,-0.0,1,0,moderate_or_small,spatially_compact,intermediate_age_mix,predominantly_deprived,multi_board,lineage_pure,intermediate_duration,2.0
meta_representative,W071|AY.4.2.1|R0.3|C32,6.0,390147.2658904332,805541.0520093264,4440.312212758635,3494.443988314085,8691.07081580569,4288.281831923585,3872.7331088215446,6.0,2021-11-15,2021-11-21,2021-11-19,6,2021-11-16,Female,0.6666666666666666,0.6365141682948128,10-14,0.5,1.242453324894,4,5.0,0.5,1.0114042647073518,0.0,0.5,3.8333333333333335,4.5,3.0,Grampian,1.0,-0.0,1,0,AY.4.2.1,1.0,-0.0,1,0,moderate_or_small,spatially_compact,age_homogeneous,predominantly_affluent,single_board,lineage_pure,intermediate_duration,3.0
meta_representative,W094|BA.2|R0.3|C991,7.0,320722.1514389971,688066.9832338853,32784.37919601628,20830.309085022313,72384.30746413014,31548.52149587735,28344.063962453038,6.0,2022-04-17,2022-04-22,2022-04-19,5,2022-04-26,Female,0.5714285714285714,0.6829081047004717,25-29,0.2857142857142857,1.5498260458782016,5,4.0,0.5714285714285714,1.1537419427010902,0.14285714285714285,0.0,3.142857142857143,4.0,4.0,Lothian,0.5714285714285714,0.9556998911125343,3,1,BA.2,1.0,-0.0,1,0,moderate_or_small,intermediate_spread,intermediate_age_mix,mixed_deprivation,multi_board,lineage_pure,short_lived,4.0
meta_extreme,W069|AY.4|R0.3|C63,91.0,321314.8026388063,675460.1772555782,25296.150950832416,10201.306650869386,206746.53305159818,29002.317436411093,32017.69481404122,76.0,2021-10-25,2021-11-08,2021-11-01,14,2021-11-02,Male,0.9560439560439561,0.18031902555609897,30-34,0.25274725274725274,2.0898928960442786,11,1.0,0.31868131868131866,1.4611180996601287,0.31868131868131866,0.03296703296703297,2.4835164835164836,2.0,5.0,Lothian,0.7362637362637363,1.0991135291125809,9,1,AY.4,1.0,-0.0,1,0,large,intermediate_spread,age_mixed,mixed_deprivation,multi_board,lineage_pure,long_lived,0.0
meta_extreme,W070|AY.4|R0.3|C197,6.0,342729.73470726336,912018.271637111,188840.8237078473,189989.1813986296,274937.3335562125,92843.73782989295,206189.7966087586,5.0,2021-10-30,2021-11-05,2021-11-03,6,2021-11-09,Female,0.8333333333333334,0.45056120886630463,65-69,0.16666666666666666,1.7917594692280547,6,4.0,0.5,1.2424533248940002,0.16666666666666666,0.0,3.0,3.5,4.0,Highland,0.3333333333333333,1.329661348854758,4,1,AY.4,1.0,-0.0,1,0,moderate_or_small,spatially_dispersed,intermediate_age_mix,mixed_deprivation,multi_board,lineage_pure,intermediate_duration,0.0
meta_extreme,W033|B.1.1.7|R0.3|C71,12.0,328117.06519465975,675804.924849172,13273.027122959946,7602.787049835339,59526.14411068696,9953.39812766565,18198.055706223615,10.0,2021-02-13,2021-02-22,2021-02-16,9,2021-02-23,Female,0.8333333333333334,0.45056120886630463,45-49,0.16666666666666666,2.3693821196946763,11,1.0,0.3333333333333333,1.4451858789480823,0.3333333333333333,0.16666666666666666,2.6666666666666665,3.0,5.0,Lothian,0.9166666666666666,0.2868359830561607,2,1,B.1.1.7,1.0,-0.0,1,0,moderate_or_small,intermediate_spread,age_mixed,mixed_deprivation,multi_board,lineage_pure,long_lived,0.0
meta_extreme,W071|AY.3|R0.3|C9,5.0,260715.60916553173,666934.8512919977,2886.7118180943394,2960.28259906501,3766.884022329591,2340.321338418091,2321.9592104846606,5.0,2021-11-07,2021-11-09,2021-11-08,2,2021-11-16,Female,1.0,-0.0,75+,0.4,1.3321790402101223,4,1.0,1.0,-0.0,1.0,0.0,1.0,1.0,1.0,Greater Glasgow and Clyde,1.0,-0.0,1,0,AY.3,1.0,-0.0,1,0,moderate_or_small,spatially_compact,age_homogeneous,predominantly_deprived,single_board,lineage_pure,short_lived,0.0
meta_extreme,W052|AY.4|R0.3|C58,5.0,292676.1560205974,669017.8233962788,15761.469946241306,14173.669726174177,26078.376001777156,18544.198502521846,1237.3980513548333,5.0,2021-06-26,2021-07-04,2021-06-28,8,2021-07-06,Female,1.0,-0.0,15-19,0.4,1.3321790402101223,4,1.0,0.2,1.6094379124341005,0.2,0.2,3.0,3.0,5.0,Lothian,0.6,0.6730116670092565,2,1,AY.4,1.0,-0.0,1,0,moderate_or_small,intermediate_spread,age_homogeneous,mixed_deprivation,multi_board,lineage_pure,intermediate_duration,0.0
meta_extreme,W004|B.1.1.269|R0.3|C2,5.0,269185.4785780853,665715.6610645629,11619.871807829757,13317.950575120347,19078.762125824054,12924.619535674587,6085.999437778774,4.0,2020-08-04,2020-08-14,2020-08-09,10,2020-08-04,Male,0.8,0.5004024235381879,20-24,0.6,0.6730116670092565,2,1.0,0.4,1.3321790402101223,0.4,0.2,2.6,2.0,4.0,Greater Glasgow and Clyde,0.6,0.6730116670092565,2,1,B.1.1.269,1.0,-0.0,1,0,moderate_or_small,intermediate_spread,age_homogeneous,mixed_deprivation,multi_board,lineage_pure,long_lived,0.0
meta_extreme,W064|AY.5|R0.3|C87,15.0,343564.7602371945,841071.1640564707,222379.369558645,183069.14138966223,366344.5660395727,69378.95668116106,234696.62886488368,13.0,2021-09-30,2021-10-08,2021-10-05,8,2021-09-28,Female,0.6,0.6730116670092565,10-14,0.26666666666666666,2.0611128325795947,9,3.0,0.4666666666666667,1.171059869990371,0.13333333333333333,0.0,2.466666666666667,3.0,4.0,Shetland,0.3333333333333333,1.6170531525095537,6,1,AY.5,1.0,-0.0,1,0,moderate_or_small,spatially_dispersed,age_mixed,mixed_deprivation,multi_board,lineage_pure,intermediate_duration,1.0
meta_extreme,W043|B.1.1.7|R0.3|C89,40.0,310938.7073370726,690739.6414769965,32380.238194125985,19654.811850850412,158933.0159877642,32112.441785893872,29076.015458493188,26.0,2021-04-24,2021-05-06,2021-04-28,12,2021-05-04,Female,0.6,0.6730116670092565,20-24,0.175,2.3175669856624372,12,1.0,0.65,0.9596878938212181,0.65,0.0,1.525,1.0,4.0,Fife,0.75,0.7220931095313525,4,1,B.1.1.7,1.0,-0.0,1,0,large,intermediate_spread,age_mixed,predominantly_deprived,multi_board,lineage_pure,long_lived,1.0
meta_extreme,W001|B.1.1.406|R0.3|C1,28.0,267495.5579060978,661318.3499830284,14139.325376782968,9693.282926773536,51105.557674541786,15673.773740628492,10217.872100594484,25.0,2020-07-17,2020-07-24,2020-07-20,7,2020-07-14,Male,0.6071428571428571,0.6700089798274271,20-24,0.17857142857142858,2.283459755791868,12,2.0,0.35714285714285715,1.4413846447046488,0.21428571428571427,0.03571428571428571,2.4285714285714284,2.0,5.0,Lanarkshire,0.5714285714285714,0.9255162785403126,4,1,B.1.1.406,1.0,-0.0,1,0,moderate_or_small,intermediate_spread,age_mixed,mixed_deprivation,multi_board,lineage_pure,intermediate_duration,1.0
meta_extreme,W036|B.1.1.7|R0.3|C27,49.0,257528.97798588223,668245.547554698,8724.603828075436,6443.441316114896,23495.43812678412,9297.443360164056,4575.92466946073,23.0,2021-03-06,2021-03-20,2021-03-12,14,2021-03-16,Male,0.5714285714285714,0.6829081047004717,05-09,0.30612244897959184,2.063714639638815,11,1.0,0.7959183673469388,0.6985290490145802,0.7959183673469388,0.0,1.3877551020408163,1.0,4.0,Greater Glasgow and Clyde,0.7551020408163265,0.5566602457577223,2,1,B.1.1.7,1.0,-0.0,1,0,large,spatially_compact,age_mixed,predominantly_deprived,multi_board,lineage_pure,long_lived,2.0
meta_extreme,W086|BA.1.1|R0.3|C530,5.0,204467.29736519203,759975.4998445234,143876.59743359472,123790.23080078683,183072.15159893443,65441.71785492677,150165.95809283853,5.0,2022-02-19,2022-03-01,2022-02-25,10,2022-03-01,Male,0.6,0.6730116670092565,45-49,0.2,1.6094379124341005,5,1.0,0.6,0.9502705392332347,0.6,0.0,1.6,1.0,3.0,Ayrshire and Arran,0.4,1.0549201679861442,3,1,BA.1.1,1.0,-0.0,1,0,moderate_or_small,spatially_dispersed,intermediate_age_mix,predominantly_deprived,multi_board,lineage_pure,long_lived,2.0
meta_extreme,W053|AY.4.2|R0.3|C3,19.0,255928.3164025667,664542.137276742,2725.7542001543547,2141.362251483703,8177.285612726904,3350.1396263060547,1349.4610571922042,14.0,2021-07-03,2021-07-11,2021-07-05,8,2021-07-13,Male,0.5789473684210527,0.6806294878916634,35-39,0.10526315789473684,2.506661812497001,13,1.0,0.6842105263157895,0.8976221848780437,0.6842105263157895,0.05263157894736842,1.5263157894736843,1.0,4.0,Greater Glasgow and Clyde,1.0,-0.0,1,0,AY.4.2,1.0,-0.0,1,0,moderate_or_small,spatially_compact,age_mixed,predominantly_deprived,single_board,lineage_pure,intermediate_duration,2.0
meta_extreme,W024|B.1.1.7|R0.3|C3,6.0,274755.17969626567,669847.0638667471,9064.045160293992,6449.284131348439,25381.781444706918,3260.0766651845843,12348.928183462478,3.0,2020-12-13,2020-12-19,2020-12-19,6,2020-12-22,Female,0.6666666666666666,0.6365141682948128,75+,0.3333333333333333,1.5607104090414063,5,1.0,1.0,-0.0,1.0,0.0,1.0,1.0,1.0,Lanarkshire,0.8333333333333334,0.45056120886630463,2,1,B.1.1.7,1.0,-0.0,1,0,moderate_or_small,spatially_compact,intermediate_age_mix,predominantly_deprived,multi_board,lineage_pure,intermediate_duration,2.0
meta_extreme,W063|AY.4.2.2|R0.3|C87,6.0,255786.60691634112,666339.9584624739,6911.780792574597,6193.262154094336,15031.921888293455,8326.045530497324,2562.00050236768,6.0,2021-09-23,2021-10-01,2021-09-26,8,2021-09-21,Male,0.6666666666666666,0.6365141682948128,25-29,0.3333333333333333,1.5607104090414063,5,1.0,0.3333333333333333,1.5607104090414063,0.3333333333333333,0.16666666666666666,2.6666666666666665,2.5,5.0,Greater Glasgow and Clyde,1.0,-0.0,1,0,AY.4.2.2,1.0,-0.0,1,0,moderate_or_small,spatially_compact,intermediate_age_mix,mixed_deprivation,single_board,lineage_pure,intermediate_duration,2.0
meta_extreme,W004|B.1.1.406|R0.3|C1,14.0,244261.40338485545,668098.964846882,17637.67866547465,14341.890689756678,37900.531686000395,17512.900067921928,8900.84901745897,11.0,2020-07-25,2020-07-29,2020-07-28,4,2020-08-04,Male,0.5714285714285714,0.6829081047004717,25-29,0.42857142857142855,1.6731183626432509,7,2.0,0.5,0.9922819748525737,0.35714285714285715,0.0,1.7857142857142858,2.0,3.0,Greater Glasgow and Clyde,0.8571428571428571,0.509137344082687,3,1,B.1.1.406,1.0,-0.0,1,0,moderate_or_small,intermediate_spread,intermediate_age_mix,predominantly_deprived,multi_board,lineage_pure,short_lived,2.0
meta_extreme,W072|AY.4|R0.3|C115,51.0,281268.26962921576,681732.911314665,3041.4232318741565,1286.9272778698244,18141.893515875563,3452.1688644337555,3368.4667579283223,26.0,2021-11-20,2021-12-03,2021-11-25,13,2021-11-23,Female,0.5098039215686274,0.6929549344838639,10-14,0.39215686274509803,1.6465071088552132,9,3.0,0.37254901960784315,1.396788352423706,0.0196078431372549,0.21568627450980393,3.2745098039215685,3.0,5.0,Forth Valley,0.9803921568627451,0.09650896073594732,2,1,AY.4,1.0,-0.0,1,0,large,spatially_compact,intermediate_age_mix,mixed_deprivation,multi_board,lineage_pure,long_lived,3.0
meta_extreme,W082|BA.2|R0.3|C152,6.0,339987.04732834705,724133.127550677,69287.16441077329,76032.0114780752,100108.79737295659,51238.27028021418,66400.49704908302,5.0,2022-02-09,2022-02-11,2022-02-11,2,2022-02-01,Male,0.6666666666666666,0.6365141682948128,30-34,0.6666666666666666,0.8675632284814612,3,5.0,1.0,-0.0,0.0,1.0,5.0,5.0,1.0,Grampian,0.3333333333333333,1.329661348854758,4,1,BA.2,1.0,-0.0,1,0,moderate_or_small,spatially_dispersed,age_homogeneous,predominantly_affluent,multi_board,lineage_pure,short_lived,3.0
meta_extreme,W071|AY.4|R0.3|C454,16.0,305281.51169642503,665641.9865116659,2966.544335423776,2388.383697307732,8181.8047820243755,3019.9618265376434,2495.8922987882434,13.0,2021-11-09,2021-11-23,2021-11-16,14,2021-11-16,Female,0.8125,0.48257756517701206,05-09,0.1875,2.1873223188492537,10,5.0,0.4375,1.245016889252439,0.0,0.4375,4.0625,4.0,4.0,Lothian,1.0,-0.0,1,0,AY.4,1.0,-0.0,1,0,moderate_or_small,spatially_compact,age_mixed,predominantly_affluent,single_board,lineage_pure,long_lived,3.0
meta_extreme,W063|AY.4.2.2|R0.3|C83,6.0,251575.8837756225,669270.296461258,2.9103830456733704e-11,2.9103830456733704e-11,2.9103830456733704e-11,3.188164890191786e-11,0.0,1.0,2021-09-23,2021-09-28,2021-09-28,5,2021-09-21,Female,0.8333333333333334,0.45056120886630463,75+,1.0,-0.0,1,1.0,1.0,-0.0,1.0,0.0,1.0,1.0,1.0,Greater Glasgow and Clyde,1.0,-0.0,1,0,AY.4.2.2,1.0,-0.0,1,0,moderate_or_small,spatially_compact,age_homogeneous,predominantly_deprived,single_board,lineage_pure,short_lived,3.0
meta_extreme,W080|BA.1.15|R0.3|C227,5.0,254301.05806303327,667689.3473498754,3548.3688586620033,3055.366928332528,7404.5338090993,3850.968773521436,2523.6095993404474,5.0,2022-01-21,2022-01-27,2022-01-26,6,2022-01-18,Female,0.8,0.5004024235381879,20-24,0.4,1.0549201679861442,3,1.0,0.2,1.6094379124341005,0.2,0.2,3.0,3.0,5.0,Greater Glasgow and Clyde,1.0,-0.0,1,0,BA.1.15,1.0,-0.0,1,0,moderate_or_small,spatially_compact,age_homogeneous,mixed_deprivation,single_board,lineage_pure,intermediate_duration,3.0
meta_extreme,W003|B.1.177|R0.3|C3,5.0,265121.48437200167,667255.9133088915,2850.958515757259,2252.1792743754986,5511.972168923731,1432.1876016075812,3296.5073261299926,4.0,2020-08-04,2020-08-05,2020-08-04,1,2020-07-28,Male,0.6,0.6730116670092565,20-24,0.8,0.5004024235381879,2,3.0,0.6,0.9502705392332347,0.2,0.2,3.0,3.0,3.0,Greater Glasgow and Clyde,1.0,-0.0,1,0,B.1.177,1.0,-0.0,1,0,moderate_or_small,spatially_compact,age_homogeneous,mixed_deprivation,single_board,lineage_pure,short_lived,3.0
meta_extreme,W010|B.1|R0.3|C3,119.0,294957.1437392926,693452.8738483121,65339.54683430771,46053.71881592037,318557.8326356862,48278.91584401868,67488.90142480955,99.0,2020-09-16,2020-09-24,2020-09-22,8,2020-09-15,Female,0.5378151260504201,0.6902844803148496,15-19,0.8403361344537815,0.7169014209210613,9,5.0,0.3949579831932773,1.4527038923786408,0.06722689075630252,0.3949579831932773,3.7058823529411766,4.0,5.0,Greater Glasgow and Clyde,0.33613445378151263,2.0045054421320883,12,1,B.1,1.0,-0.0,1,0,large,spatially_dispersed,age_homogeneous,predominantly_affluent,multi_board,lineage_pure,intermediate_duration,4.0
meta_extreme,W096|BA.2|R0.3|C1051,5.0,368233.9396204255,963052.1797236351,252304.42744712075,242735.78395939653,315953.7011187195,96645.88931989991,271894.4112042853,5.0,2022-05-13,2022-05-19,2022-05-17,6,2022-05-10,Male,0.6,0.6730116670092565,70-74,0.4,1.3321790402101223,4,3.0,0.4,1.3321790402101223,0.2,0.0,2.6,3.0,4.0,Shetland,0.6,0.6730116670092565,2,1,BA.2,1.0,-0.0,1,0,moderate_or_small,spatially_dispersed,age_homogeneous,mixed_deprivation,multi_board,lineage_pure,intermediate_duration,4.0
meta_extreme,W040|B.1.1.7|R0.3|C64,15.0,328535.0081499229,845740.5815624483,14632.18777366976,15658.46564065983,17336.157012006053,5457.57015282247,14762.36799992601,7.0,2021-04-07,2021-04-12,2021-04-10,5,2021-04-13,Female,0.6666666666666666,0.6365141682948128,35-39,0.13333333333333333,2.430791328878232,12,4.0,0.5333333333333333,1.2293362159076602,0.06666666666666667,0.06666666666666667,3.466666666666667,4.0,5.0,Grampian,1.0,-0.0,1,0,B.1.1.7,1.0,-0.0,1,0,moderate_or_small,intermediate_spread,age_mixed,predominantly_affluent,single_board,lineage_pure,short_lived,4.0
meta_extreme,W102|BA.5.2|R0.3|C18,6.0,350627.8716379519,800184.1497880839,153138.79262998028,137764.9524870381,391278.9242521619,67659.5287560225,199097.35654999554,5.0,2022-06-18,2022-06-23,2022-06-21,5,2022-06-21,Female,0.6666666666666666,0.6365141682948128,45-49,0.16666666666666666,1.7917594692280547,6,1.0,0.5,1.0114042647073516,0.5,0.0,1.6666666666666667,1.5,3.0,Grampian,0.3333333333333333,1.329661348854758,4,1,BA.5.2,1.0,-0.0,1,0,moderate_or_small,spatially_dispersed,intermediate_age_mix,predominantly_deprived,multi_board,lineage_pure,short_lived,4.0
meta_extreme,W093|BA.2|R0.3|C1564,5.0,256062.40159539212,703400.8434050323,66988.70034155485,59274.922328777044,140550.6985748246,62193.142020576495,61916.750205684424,5.0,2022-04-09,2022-04-15,2022-04-10,6,2022-04-19,Female,0.6,0.6730116670092565,40-44,0.4,1.0549201679861442,3,1.0,0.2,1.6094379124341005,0.2,0.2,3.0,3.0,5.0,Highland,0.4,1.3321790402101223,4,1,BA.2,1.0,-0.0,1,0,moderate_or_small,spatially_dispersed,age_homogeneous,mixed_deprivation,multi_board,lineage_pure,intermediate_duration,4.0
meta_extreme,W005|AD.2|R0.3|C14,18.0,373839.15218342724,781615.7104358925,46227.74918628296,30047.885233479486,212065.4936369543,46897.149121350594,52982.585387430845,16.0,2020-08-17,2020-08-21,2020-08-20,4,2020-08-11,Female,0.5,0.6931471805599453,15-19,0.2222222222222222,2.1972245773362196,10,5.0,0.5,1.3005920075345054,0.05555555555555555,0.5,3.8333333333333335,4.5,5.0,Grampian,0.8333333333333334,0.6336632569776564,4,1,AD.2,1.0,-0.0,1,0,moderate_or_small,intermediate_spread,age_mixed,predominantly_affluent,multi_board,lineage_pure,short_lived,4.0
