cluster_id,1,2,3,4,5
W001|B.1.1.406|R0.3|C1,-0.009428761488982473,0.14756256437494106,0.06737137893463829,-0.05294091742124751,-0.1525642643993494
W003|B.1.177|R0.3|C3,-0.023714475774696736,-0.2095802927679161,0.41737137893463827,-0.19579806027839036,0.01172144988636492
W004|B.1.1.269|R0.3|C2,0.17628552422530328,-0.009580292767916082,-0.1826286210653617,0.004201939721609649,0.01172144988636492
W004|B.1.1.406|R0.3|C1,0.1334283813681604,0.2904197072320839,-0.03977147820821886,-0.19579806027839036,-0.1882785501136351
W005|AD.2|R0.3|C14,-0.1681589202191412,0.012641929454306117,-0.12707306550980615,-0.029131393611723705,0.3117214498863649
W006|B.1.441|R0.3|C1,0.7762855242253033,-0.2095802927679161,-0.1826286210653617,-0.19579806027839036,-0.1882785501136351
W010|B.1|R0.3|C3,-0.15648758501839422,-0.02470634318808415,-0.0649815622418323,0.03949605736866846,0.2066794330796422
W024|B.1.1.7|R0.3|C3,0.7762855242253033,-0.2095802927679161,-0.1826286210653617,-0.19579806027839036,-0.1882785501136351
W033|B.1.1.7|R0.3|C71,0.10961885755863657,-0.12624695943458275,0.1507047122679716,-0.11246472694505703,-0.021611883446968433
W036|B.1.1.7|R0.3|C27,0.572203891572242,-0.10753947644138548,-0.1622204578000556,-0.11416540721716588,-0.1882785501136351
W036|B.1.1.7|R0.3|C578,0.7762855242253033,-0.2095802927679161,-0.1826286210653617,-0.19579806027839036,-0.1882785501136351
W037|B.1.1.7|R0.3|C431,-0.22371447577469675,-0.2095802927679161,-0.1826286210653617,-0.19579806027839036,0.811721449886365
W037|B.1.1.7|R0.3|C9,-0.06121447577469674,-0.07208029276791608,-0.007628621065361718,-0.05829806027839035,0.19922144988636492
W038|B.1.1.7|R0.3|C273,-0.22371447577469675,-0.2095802927679161,-0.1826286210653617,-0.19579806027839036,0.811721449886365
W038|B.1.1.7|R0.3|C88,0.7762855242253033,-0.2095802927679161,-0.1826286210653617,-0.19579806027839036,-0.1882785501136351
W039|B.1.1.7|R0.3|C1,0.23083097877075778,0.24496516177753844,-0.15990134833808897,-0.17307078755111763,-0.14282400465908962
W040|B.1.1.7|R0.3|C301,-0.023714475774696736,-0.009580292767916082,0.017371378934638304,0.004201939721609649,0.01172144988636492
W040|B.1.1.7|R0.3|C64,-0.15704780910803007,-0.1429136261012494,0.08403804560130496,0.33753527305494296,-0.12161188344696842
W041|B.1.1.7|R0.3|C140,0.09207499790951376,-0.02536976645212663,-0.024733884223256453,-0.011587533962600899,-0.030383813271529836
W041|B.1.1.7|R0.3|C50,-0.023714475774696736,-0.009580292767916082,0.017371378934638304,0.004201939721609649,0.01172144988636492
W042|B.1.1.7|R0.3|C34,0.09207499790951376,-0.02536976645212663,-0.024733884223256453,-0.011587533962600899,-0.030383813271529836
W043|B.1.1.7|R0.3|C89,0.4262855242253033,0.015419707232083912,-0.10762862106536171,-0.14579806027839037,-0.1882785501136351
W048|AY.4|R0.3|C1,0.014685524225303254,-0.007180292767916097,0.002171378934638285,-0.01099806027839037,0.0013214498863649005
W050|AY.4|R0.3|C87,0.018709766649545684,0.03284394965632634,-0.1523255907623314,0.016323151842821765,0.08444872261363762
W052|AY.4|R0.3|C58,-0.023714475774696736,-0.009580292767916082,0.017371378934638304,0.004201939721609649,0.01172144988636492
W053|AY.4.2|R0.3|C3,0.46049605054109277,0.0009460230215575793,-0.1299970421179933,-0.19579806027839036,-0.13564697116626667
W063|AY.4.2.2|R0.3|C83,0.7762855242253033,-0.2095802927679161,-0.1826286210653617,-0.19579806027839036,-0.1882785501136351
W063|AY.4.2.2|R0.3|C87,0.10961885755863657,-0.042913626101249436,-0.01596195439869505,-0.029131393611723705,-0.021611883446968433
W064|AY.5|R0.3|C87,-0.09038114244136342,0.12375304056541722,0.28403804560130497,-0.1291313936117237,-0.1882785501136351
W065|AY.4|R0.3|C952,0.2414018032950707,-0.0002779671865207334,0.026673704516033653,-0.0795189905109485,-0.1882785501136351
W066|AY.4|R0.3|C723,0.2414018032950707,-0.0002779671865207334,0.026673704516033653,-0.0795189905109485,-0.1882785501136351
W067|AY.4|R0.3|C269,0.2414018032950707,-0.0002779671865207334,0.026673704516033653,-0.0795189905109485,-0.1882785501136351
W069|AY.4|R0.3|C63,0.09496684290662191,-0.0007890839767072944,-0.006804445241185869,0.06793820345787338,-0.15531151714660213
W070|AY.4|R0.3|C197,-0.05704780910803009,-0.042913626101249436,-0.01596195439869505,0.30420193972160964,-0.1882785501136351
W071|AY.3|R0.3|C9,0.7762855242253033,-0.2095802927679161,-0.1826286210653617,-0.19579806027839036,-0.1882785501136351
W071|AY.4.2.1|R0.3|C32,-0.22371447577469675,0.12375304056541722,-0.1826286210653617,-0.029131393611723705,0.3117214498863649
W071|AY.4|R0.3|C212,0.2762855242253033,-0.042913626101249436,-0.1826286210653617,0.13753527305494295,-0.1882785501136351
W071|AY.4|R0.3|C454,-0.22371447577469675,-0.0845802927679161,-0.05762862106536171,0.11670193972160964,0.2492214498863649
W072|AY.4|R0.3|C115,-0.20410663263744183,0.045321668016397615,0.18992039854248144,-0.05854315831760604,0.027407724396168842
W075|BA.1|R0.3|C4,-0.02587274915599172,-0.020474434597309715,0.00801886094902679,0.011807284017601422,0.026521038786673223
W077|BA.1|R0.3|C10,0.014581898741318738,-0.006130803151583819,0.0007575105784256853,-0.0015002778074294232,-0.0077083283607311814
W078|BA.1|R0.3|C1,0.008972504834721534,-0.010134309388414697,-0.0011881778520653197,-0.0005072015526285945,0.0028571839583870773
W079|BA.1.15|R0.3|C117,0.042414556483367755,0.04579605131810541,-0.04822001891482408,-0.015690533396669926,-0.024300055489979183
W080|BA.1.15|R0.3|C1,0.052234891313910875,0.041052618624488973,-0.038324823597007285,-0.021114515974592907,-0.03384817036679966
W080|BA.1.15|R0.3|C227,-0.023714475774696736,-0.009580292767916082,0.017371378934638304,0.004201939721609649,0.01172144988636492
W080|BA.1|R0.3|C1,0.05229223563469923,0.0035069555542315556,0.007807620545376537,-0.010395375714631977,-0.053211436019675346
W080|BA.2.23|R0.3|C1,-0.22371447577469675,-0.2095802927679161,-0.1826286210653617,-0.19579806027839036,0.811721449886365
W082|BA.1.1|R0.3|C1197,0.3096188575586366,-0.07624695943458276,0.017371378934638304,-0.06246472694505703,-0.1882785501136351
W082|BA.2|R0.3|C152,-0.22371447577469675,-0.2095802927679161,-0.1826286210653617,-0.19579806027839036,0.811721449886365
W084|BA.1.1.15|R0.3|C52,-0.1322859043461253,0.030419707232083898,0.19451423607749546,-0.012940917421247505,-0.07970712154220652
W085|BA.1.1.15|R0.3|C73,-0.11462356668378766,0.008601525413902078,0.32646228802554733,-0.050343514823844915,-0.1700967319318169
W085|BA.1.13|R0.3|C1,-0.023714475774696736,-0.009580292767916082,0.017371378934638304,0.004201939721609649,0.01172144988636492
W086|BA.1.1|R0.3|C530,0.37628552422530326,-0.009580292767916082,0.017371378934638304,-0.19579806027839036,-0.1882785501136351
W086|BA.1.1|R0.3|C553,0.026285524225303253,0.1654197072320839,-0.1826286210653617,0.05420193972160964,-0.06327855011363509
W093|BA.2|R0.3|C1564,-0.023714475774696736,-0.009580292767916082,0.017371378934638304,0.004201939721609649,0.01172144988636492
W094|BA.2|R0.3|C991,-0.0808573329175539,-0.06672314991077324,-0.03977147820821886,0.37563051115018103,-0.1882785501136351
W096|BA.2|R0.3|C1051,-0.023714475774696736,-0.009580292767916082,0.21737137893463832,0.004201939721609649,-0.1882785501136351
W102|BA.5.2|R0.3|C18,0.2762855242253033,0.12375304056541722,-0.01596195439869505,-0.19579806027839036,-0.1882785501136351
W113|BA.5.2|R0.3|C31,-0.22371447577469675,0.012641929454306117,0.0395936011568605,0.24864638416605406,-0.07716743900252399
W116|BA.5.2|R0.3|C11,-0.22371447577469675,-0.2095802927679161,0.3729269344901939,-0.08468694916727926,0.14505478321969822
